Domain,Aspect,Range,A Unique Child (What a child might be doing),Positive Relationships (What adults might do),Enabling Environments (What adults might provide)
Personal Social and Emotional Development,Making Relationships,Range 1,"• Enjoys the company of others and seeks contact with others from birth.
• Shows their readiness to be social through using their sensory abilities; following movement and gazing at faces intently.
• Moves body, arms and legs and changes facial expression in response to others, e.g. sticking out tongue .","• Offer warm, loving and consistent care in your interactions with babies and young children.
• Respond sensitively and quickly to babies and young children's needs.
• Learn from parents regarding caring practices at home .","• The setting offers a welcoming, calm, caring environment.
• Implement a Key Person Approach.
• Develop close partnerships with parents/carers."
Personal Social and Emotional Development,Making Relationships,Range 2,"• Begins to display attachment behaviours such as wanting to stay near.
• Becomes wary of unfamiliar people.
• Draws others into social interaction through calling, crying and babbling .","• Use care events to build a close relationship with babies and young children.
• Be physically and emotionally available to babies and young children to provide a secure base.
• Get to know each babies and young child's separation rituals .","• Arrange for staff absence to be covered by practitioners who are already familiar to the children.
• Allocate a secondary key person who takes responsibility for the care of babies when their key person is absent.
• The day is predictable enough to give babies a sense of security but is flexible enough to respond to individual patterns."
Personal Social and Emotional Development,Making Relationships,Range 3,"• Displays attachment behaviours such as wanting to stay near to their close carers.
• Explores confidently when they feel secure in the presence of a familiar adult.
• Closely watches others' body language to begin to understand their intentions .","• Let your key children know where you are going, what you are doing and who they will be with.
• Support babies and young children's need to hold on to their special comfort object.
• Enable children to explore by being a secure base for them .","• The environment is designed so that the number of times the key person has to leave the room is limited.
• Group rooms are as home-like as possible and decorated with photographs of the children's families.
• Develop play opportunities centred on objects babies bring from home."
Personal Social and Emotional Development,Making Relationships,Range 4,"• Builds relationships with special people but may show anxiety in the presence of strangers.
• Is becoming more able to separate from their close carers and explore new situations with support.
• Shows some understanding that other people have perspectives, ideas and needs that are different to theirs .","• Use mealtimes as ideal occasions for children to practice social skills.
• Play name games to welcome children to the setting.
• Soothe each of your key children to sleep in the way agreed with their parent .","• Provide duplicates of favourite items to reduce competition and conflict.
• Provide matching items for children and adults to mirror each other in play.
• Provide resources that promote cooperative play between two children."
Personal Social and Emotional Development,Making Relationships,Range 5,"• Shows empathy and concern for people who are special to them.
• Seeks out others to share experiences with and may choose to play with a familiar friend.
• Shows increasing consideration of other people's needs and gradually more impulse control .","• Offer a warm and consistent presence, spending time playing and being with children.
• Show that you keep children 'in mind' by referring to things you noticed in their play.
• Model key skills of empathy, negotiation, compromise and positive assertion .","• Plan the environment to create spaces for children to play alone, alongside or with others.
• Provide time, space and open-ended materials for children to collaborate with one another.
• Create opportunities for children to get to know everyone in the group."
Personal Social and Emotional Development,Making Relationships,Range 6,"• Represents and recreates what they have learnt about social interactions from their relationships with close adults.
• Develops particular friendships with other children.
• Is increasingly socially skilled and will take steps to resolve conflicts with other children by negotiating .","• Support young children's efforts to join in with others' play and inviting others into their play.
• Offer calm and considered support for children as they experiences conflict with their peers.
• Recognise and respect children's particular friendships .","• Provide play activities that encourage cooperation and collaboration.
• Choose books, puppets, and dolls and small world play that help children explore their ideas about friends.
• For young children who are finding it hard to make relationships, develop other situations such as forest school."
Personal Social and Emotional Development,Sense of Self,Range 1,"• Learns about their physical self through exploratory play with their hands and feet.
• Is becoming aware of self as they imitate sounds and expressions.
• Shows awareness of being a separate individual through initiating contact with others .","• Engage in attentive, uninterrupted play with babies when they are alert and ready.
• Provide many opportunities for babies to explore how their bodies move.
• Listen, respond to and build on babies' expressions, actions, and gestures .","• Allow for flexibility within practice so that the routines you follow offer continuity.
• Learn from parents/carers about each baby's family culture, traditions and languages.
• Provide comfortable areas where parents, practitioners and young babies can be together."
Personal Social and Emotional Development,Sense of Self,Range 2,"• Expresses awareness of their physical self through their own movements, gestures and expressions.
• Shows growing confidence that their needs will be met by freely expressing their need for comfort.
• Responds to their own name and enjoys finding own nose, eyes or tummy .","• Spend one-to-one time playing, talking and looking at books that are of personal relevance.
• Talk with babies about people and things that are special to them.
• Offer commentary to babies about what is happening around them .","• Place mirrors where babies can see their own reflection.
• Create sufficient safe space for babies to move, roll, stretch and explore.
• Provide objects and images that reflect the baby and their home."
Personal Social and Emotional Development,Sense of Self,Range 3,"• Is aware of and interested in their own and others' physical characteristics.
• Experiments with what their bodies can do through setting themselves physical challenges.
• Begins to use me, you and I in their talk .","• Use play and stories to positively support toddlers' understanding of their physical selves.
• Share toddlers' pleasure when they do something for themselves.
• Recognise a child's growing sense of agency and respect their attempts to gain independence .","• Create displays and albums of photographs of the children and the activities they have participated in.
• Encourage children to take their own photographs within the setting.
• Displays, equipment and resources are reflective of the children's linguistic social and cultural backgrounds."
Personal Social and Emotional Development,Sense of Self,Range 4,"• Knows their own name, their preferences and interests and is becoming aware of their unique abilities.
• Is developing an understanding of and interest in differences of gender, ethnicity and ability.
• Shows a sense of autonomy through asserting their ideas and preferences .","• Provide toddlers with opportunities to practise making choices and decisions.
• Support toddlers' autonomy by involving them in the daily organisation of the home or group.
• Be close by and available to provide encouragement and support when a toddler needs it .","• Plan the environment so that storage for coats, nappies, shoes and comforters are labelled.
• Provide an environment that is stable and familiar so children can find what they need.
• Plan personalised play that follows each child's interests."
Personal Social and Emotional Development,Sense of Self,Range 5,"• Is becoming more aware of the similarities and differences between themselves and others.
• Is sensitive to others' messages of appreciation or criticism.
• Enjoys a sense of belonging through being involved in daily tasks .","• Celebrate each child's uniqueness by openly talking with them about their individual characteristics.
• Value difference through showing genuine interest in and valuing all children's contributions.
• Offer extra support to children in new situations or when they are feeling anxious .","• Involve parents in their children's learning and learn about each child's home culture from them.
• Plan regular opportunities for children to talk to their small group about something they are interested in.
• Include mirrors and photographs of the children and their families and friends in the environment."
Personal Social and Emotional Development,Sense of Self,Range 6,"• Recognises that they belong to different communities and social groups.
• Is more aware of their relationships to particular social groups and sensitive to prejudice.
• Shows confidence in speaking to others about their own needs, wants, interests and opinions .","• Engage with children in exploring and talking about what they are doing, valuing their ideas.
• Offer help with activities when asked but not before and see struggle and mistakes as important parts of learning.
• Intervene when children need help and validation of feelings in difficult situations .","• Give time for children to pursue their play and learning without interruption.
• Provide experiences and activities that are challenging but achievable.
• Provide a role-play area resourced with materials reflecting children's family lives and communities."
Personal Social and Emotional Development,Understanding Emotions,Range 1,"• Communicates a range of emotions (e.g. pleasure, interest, fear) through making sounds and facial expressions.
• Expresses feelings strongly through crying in order to make sure that their needs will be met.
• Seeks physical and emotional comfort by snuggling in to trusted adults .","• Learn from parents about how their baby expresses their emotions and what they do to soothe them.
• Support babies who are distressed on separating from their parents by acknowledging their feelings.
• Be responsive to all communication such as crying, babbling and physical movements .","• Observe babies' emotional responses and plan the routines, the environment and play experiences to support them.
• Encourage parents to bring their baby's comforter/transitional object.
• Create a cosy, quiet place for babies to be calm."
Personal Social and Emotional Development,Understanding Emotions,Range 2,"• Shows a wider variety of feelings, using crying, gestures and vocalisations freely.
• Begins to become aware of their emotions as the connections in the brain that make feelings conscious grow.
• Uses familiar adult to share feelings such as excitement and for 'emotional refuelling' .","• Tune in to a baby's emotions and respond calmly, gently and sensitively.
• Use calming processes such as rocking or calmly singing in response to emotional expression.
• Learn lullabies and other songs that babies know from home .","• Create spaces and experiences in which babies feel secure enough to explore and play.
• Provide resources including picture books and stories that focus on a range of emotions.
• Store babies' toys and comforters where they can find and reach them."
Personal Social and Emotional Development,Understanding Emotions,Range 3,"• Expresses positive feelings such as joy and affection and negative feelings such as anger.
• Experiences a wide range of feelings with great intensity, such as anger and frustration.
• Is aware of others' feelings and is beginning to show empathy .","• Be a secure base for toddlers to return to for 'emotional refuelling' when encountering novel situations.
• Create regular opportunities to be in very small groups or 1:1 times with the key person.
• Reduce frustration and conflict by keeping routines flexible .","• Maintain consistency of key person relationships in the organisation of staffing.
• Keep changes in group and routine to a minimum.
• Ensure that observation and planning for children's emotional needs is a central focus."
Personal Social and Emotional Development,Understanding Emotions,Range 4,"• Expresses the self-aware emotions of pride and embarrassment.
• Can feel overwhelmed by intense emotions, resulting in an emotional collapse.
• Is becoming able to think about their feelings as their brain starts to develop the connections .","• Show empathy and stay close by to offer support and reassurance as the child calms after an emotional collapse.
• Use real life experiences to help children to understand a wide range of emotions.
• Model empathy and talk about others' feelings .","• Provide books, stories and puppets that can be used to model responding to others' feelings.
• Provide sufficient materials and duplicates of popular items to reduce conflict.
• Create calm spaces inside and out, for retreat and relaxation."
Personal Social and Emotional Development,Understanding Emotions,Range 5,"• Expresses a wide range of feelings in their interactions with others.
• May exhibit increased fearfulness of things like the dark or monsters.
• Talks about how others might be feeling and responds according to their understanding .","• Create a listening culture and atmosphere which is calm and caring.
• Name and talk about a wide range of feelings and make it clear that all feelings are acceptable.
• Model how you manage your own feelings, e.g. I'm feeling a bit angry and I need to calm down .","• Plan small group circle times when children can explore feelings, e.g. through stories.
• Provide photographs and books where emotions are being expressed.
• Use Persona Dolls to help children consider feelings and ways to help others feel better."
Personal Social and Emotional Development,Understanding Emotions,Range 6,"• Understands their own and other people's feelings, offering empathy and comfort.
• Talks about their own and others' feelings and behaviour and its consequences.
• Is more able to manage their feelings and tolerate situations in which their wishes cannot be met .","• Help children to recognise when their actions hurt others.
• Be emotionally available to young children when they need to 'emotionally refuel'.
• Support children in recognising the consequences of behaviours and responses .","• Offer environments that include stimulating and challenging spaces but also calm and comfortable spaces.
• Set, explain and maintain clear, reasonable and consistent boundaries.
• Involve children in agreeing codes of behaviour and taking responsibility for implementing them."
Communication and Language,Listening and Attention,Range 1,"• Turns toward a familiar sound then locates range of sounds with accuracy.
• Listens to, distinguishes and responds to intonations and sounds of voices.
• Reacts in interaction with others by smiling, looking and moving .","• Get physically close making sure the baby can see your face.
• Show that you are present and tuned in by using eye contact and touch.
• Be attentive and leave space for the baby to start a 'serve and return' conversation .","• Share stories, songs and rhymes from all cultures and in babies' home languages.
• Share favourite stories, songs, rhymes or music as babies are settling to sleep.
• Create an environment which invites responses from babies and adults."
Communication and Language,Listening and Attention,Range 2,"• Moves whole body to sounds they enjoy, such as music or a regular beat.
• Concentrates intently on an object or activity of own choosing for short periods.
• Pays attention to dominant stimulus - easily distracted by noises or other people talking .","• Imitate the baby's responses to show you notice and value their contributions.
• Encourage playfulness, laughter, turn-taking and responses.
• Sing songs and rhymes during everyday routines .","• Consider what it feels like to use your voice in your environment.
• Collect resources that children can listen to and learn to distinguish between.
• Encourage listening in its widest sense; human noises, non-human noises, etc.."
Communication and Language,Listening and Attention,Range 3,"• Listens to and enjoys rhythmic patterns in rhymes and stories.
• Enjoys rhymes and demonstrates listening by trying to join in with actions or vocalisations.
• Pays attention to own choice of activity, may move quickly from activity to activity .","• Follow the baby's focus and pay joint attention to what they are interested in.
• Use natural gestures and/or signing e.g. waving 'bye-bye'.
• Play alongside the child and talk together .","• Provide opportunities to listen to the sounds of the local area.
• Listen to sounds that are easily identifiable and mysterious noises that are not.
• Use puppets and other props to encourage listening and responding."
Communication and Language,Listening and Attention,Range 4,"• Listens with interest to the noises adults make when they read stories.
• Recognises and responds to many familiar sounds, e.g. turning to a knock on the door.
• Single channelled attention; can shift to a different task if attention fully obtained .","• Model being a listener by listening to children and taking account of what they say.
• Have conversations with children as part of everyday activities.
• Model and encourage language for thinking by using phrase such as I wonder... .","• Encourage children to learn one another's names and to pronounce them correctly.
• Where possible minimise background noise and visual distractions.
• Encourage talk in all spaces, both indoors and outdoors."
Communication and Language,Listening and Attention,Range 5,"• Listens to others in one-to-one or small groups, when conversation interests them.
• Listens to familiar stories with increasing attention and recall.
• Joins in with repeated refrains and anticipates key events and phrases in rhymes .","• Encourage repetition, rhythm and rhyme by using tone and intonation.
• Be aware of and actively support the needs of children learning English as an additional language.
• Engage in role play and imaginary play scenarios and model listening behaviours .","• Plan activities listening carefully to different speech sounds, e.g. a sound chain.
• When singing or saying rhymes, talk about the similarities in the rhyming words.
• Set up a listening area or other opportunities where children can enjoy rhymes and stories."
Communication and Language,Listening and Attention,Range 6,"• Is able to follow directions (if not intently focused).
• Shows variability in listening behaviour; may move around but still be listening.
• May indicate two-channelled attention, e.g. paying attention to something of interest for short or long periods .","• Cue children, particularly those with communication difficulties, to listen by first using their name.
• Share rhymes, books and stories from many cultures, sometimes using languages other than English.
• Invite parents and members of wider communities to story-telling opportunities .","• Choose stories with repeated refrains, dances and action songs.
• Plan regular short periods when individuals listen to others, such as singing a short song.
• Play games which involve listening for a signal, such as Simon Says."
Communication and Language,Understanding,Range 1,"• Turns when hears own name.
• Starts to understand contextual clues, e.g. familiar gestures, words and sounds .","• Look at the baby and say their name.
• Interpret and give meaning to the things young babies show interest in.
• Use an animated, enthusiastic face when interacting with children .","• Let babies see and hear the sequence of actions you go through as you carry out familiar routines.
• Provide resources and spaces that stimulate babies' interests.
• Find out from parents how babies make themselves understood at home."
Communication and Language,Understanding,Range 2,"• Is developing the ability to follow others' body language, including pointing and gesture.
• Responds to simple questions when in a familiar context (e.g. Where's Mummy?).
• Understanding of single words in context is developing, e.g. cup, milk, daddy .","• Observe children as they watch their environment.
• Talk to babies about what you are doing and what is happening, so they will link words with actions.
• Use actions including hands and finger plays to support your words .","• Display lists of words from different home languages.
• When singing rhymes and songs use actions to support children's understanding of words.
• Plan play activities and provide resources which encourage young children to engage in symbolic play."
Communication and Language,Understanding,Range 3,"• Understands different situations - able to follow routine events and activities.
• Selects familiar objects by name and will go and find objects when asked.
• Understands simple sentences (e.g. Throw the ball) .","• Use gestures and facial expression to help show your meaning.
• Be aware that young children's understanding is much greater than their ability to express their thoughts.
• Use language appropriate to the child's level of understanding .","• Plan real world shared experiences such as visits, everyday tasks.
• Use pictures, books, real objects, and signs alongside your words.
• Stay with the child while they play, taking time to watch their movements."
Communication and Language,Understanding,Range 4,"• Identifies action words by following simple instructions, e.g. Show me jumping.
• Beginning to understand more complex sentences, e.g. Put your toys away and then sit on the carpet.
• Understands who, what, where in simple questions .","• Be attentive and respond to children's talk in an appropriate and positive way.
• Use talk to describe what children are doing by providing a running commentary.
• Talk slowly enough for the child to understand .","• Include things which excite young children's curiosity, such as hats, bubbles, shells.
• Provide activities, such as cooking, where talk is used to anticipate or initiate what children will be doing.
• Stay with the child while they play, play alongside the child and show attentive companionship."
Communication and Language,Understanding,Range 5,"• Understands use of objects (e.g. Which one do we cut with?).
• Shows understanding of prepositions such as under, on top, behind.
• Responds to instructions with more elements, e.g. Give the big ball to me .","• Prompt children's thinking and discussion through involvement in their play.
• Talk to children about what they have been doing and help them to reflect upon and explain events.
• When you need to give children directions be clear and help them to deal with those involving more than one action .","• Set up shared experiences that children can reflect upon, e.g. visits, cooking, or stories.
• Help children to predict and order events coherently by providing props.
• Tune into children's preferred modes of communication."
Communication and Language,Understanding,Range 6,"• Understands a range of complex sentence structures including negatives, plurals and tense markers.
• Beginning to understand humour, e.g. nonsense rhymes, jokes.
• Able to follow a story without pictures or props .","• Ask children to think in advance and predict how they will accomplish a task.
• Use appropriate vocabulary during play with children to encourage them to think about stories.
• Use stories from books to focus children's attention on predictions and explanations .","• Provide practical experiences that encourage children to ask and respond to questions.
• Alongside books, introduce story props, such as pictures, puppets and objects.
• Set up displays that are interactive so children can touch, pick up etc."
Communication and Language,Speaking,Range 1,"• Communicates needs and feelings in a variety of ways including crying, gurgling, babbling.
• Makes own sounds in response when talked to by familiar adults.
• Practises and gradually develops speech sounds (babbling) .","• Find out from parents how they like to communicate with their baby.
• Pay attention to babies' communications including facial expression, gesture, etc..
• Encourage babies' sounds and babbling by copying their sounds in a turn-taking interaction .","• Learn and use key words in the home languages of babies in the setting.
• Value and learn from families about their communities, languages and cultures.
• Encourage parents to record familiar, comforting sounds, such as lullabies in home languages."
Communication and Language,Speaking,Range 2,"• Points and looks to make requests and to share an interest.
• Uses sounds in play, e.g. brrrm for toy car.
• Frequently imitates words and sounds .","• Communicate with parents to exchange and update information about babies' personal words.
• Try to 'tune in' to the different messages young babies are attempting to convey.
• Look out for patterns of communications they use to invite you into encounters .","• Find out from parents the words that children use for things which are important to them.
• Explain that strong foundations in a home language support the development of English.
• Tune into what different children enjoy and create environments where babbling and talking feels easy."
Communication and Language,Speaking,Range 3,"• Copies familiar expressions, e.g. Oh dear, All gone.
• Beginning to put two words together (e.g. Want ball).
• Uses gestures, sometimes with limited talk, e.g. reaches toward toy, saying Want it .","• Share the fun of discovery and value babies' attempts at words.
• When babies try to say a word, repeat it back so they can hear the name of the object clearly.
• Build vocabulary by giving choices, e.g. apple or satsuma? .","• Allow time to follow young children's lead and have fun together while developing vocabulary.
• Provide stories with repetitive phrases and structures to read aloud to children.
• Display pictures and photographs showing engaging, familiar or fantastical events."
Communication and Language,Speaking,Range 4,"• Beginning to ask simple questions.
• Beginning to talk about people and things that are not present.
• Uses language to share feelings, experiences and thoughts .","• Model building sentences by repeating what the child says and adding another word.
• Give the child enough time to talk with silences to allow the child to respond.
• Show children how to pronounce or use words by responding and repeating what they say in the correct way .","• Provide activities which help children to learn to distinguish differences in sounds.
• Plan to encourage correct use of language by telling repetitive stories.
• Provide opportunities for children to communicate in their home language."
Communication and Language,Speaking,Range 5,"• Holds a conversation, jumping from topic to topic.
• Uses a variety of questions (e.g. what, where, who).
• Beginning to use more complex sentences to link thoughts (e.g. using and, because) .","• Play with sounds and words children use, such as nonsense language.
• Wait and allow the child time to start the conversation.
• Follow the child's lead to talk about what they are interested in .","• Help children to build their vocabulary, motivations and opportunities to experiment with talk.
• Foster children's enjoyment of spoken and written language by providing interesting play opportunities.
• Plan regular opportunities for children to speak, e.g. take turns having a toy animal at home."
Communication and Language,Speaking,Range 6,"• Uses talk to explain what is happening and anticipate what might happen next.
• Questions why things happen and gives explanations.
• Extends vocabulary, especially by grouping and naming, exploring the meaning and sounds of new words .","• Use lively intonation and animated expression when speaking with children.
• Talk with children to make links between their body language and words.
• Use a lot of statements and comments and fewer questions to build natural conversation .","• Provide small world toys or puppets for children to act out familiar stories.
• Set up collaborative tasks, e.g. construction, food activities or story-making.
• Provide opportunities for talking for a wide range of purposes, e.g. to present ideas."
Physical Development,Moving and Handling,Range 1,"• Gradually develops ability to hold up own head 
• Makes movements with arms and legs which gradually become more controlled 
• Follows and tracks a sound or moving object ","• Ensure that from birth onwards babies have frequent opportunities for moving and being active 
• Take babies outdoors as much as possible 
• Give babies lots of time being touched and held ","• The caregiver's body is the first and foremost enabling environment 
• Provide comfortable seating both indoors and outdoors 
• Make the most of the outdoors for providing tactile and visual stimulation "
Physical Development,Moving and Handling,Range 2,"• Belly crawling moves into crawling up on hands and knees 
• Becomes adept at changing position from crawling to sitting 
• Sits unsupported on the floor, leaving hands free ","• Enable older babies to have at least three hours a day moving and being active 
• Develop a shared approach to managing risk 
• Ensure that clothing supports babies' mobility ","• Alongside the continuing role of adult bodies, the floor is the best enabling environment 
• Limit the time older babies spend in seats 
• Plan space to encourage free movement "
Physical Development,Moving and Handling,Range 3,"• Develops security in walking upright using feet alternately 
• Walks upstairs facing forwards holding rail or hand of adult 
• Changes position from standing to squatting and sitting with little effort ","• Enable toddlers to have at least three hours a day moving and being active 
• Develop a shared team culture of managing risk positively 
• Continue to provide a visible, attentive 'safe base' ","• Anticipate young children's exuberance and ensure the space is clear 
• Provide opportunities to swing, spin and bounce 
• Ensure that toddlers spend lots of time outdoors experiencing uneven ground "
Physical Development,Moving and Handling,Range 4,"• Sits up from lying down, stands up from sitting and squats with steadiness 
• Runs safely on whole foot 
• Jumps up into the air with both feet leaving the floor ","• Value the ways children choose to move 
• Give as much opportunity as possible for children to move freely between indoors and outdoors 
• Talk to children about their movements and help them to explore new ways ","• Plan opportunities for children to tackle a range of levels and surfaces 
• Provide a range of large play equipment that can be used in different ways 
• Plan time for children to experiment with equipment "
Physical Development,Moving and Handling,Range 5,"• Climbs stairs, steps and moves across climbing equipment using alternate feet 
• Walks down steps or slopes whilst carrying a small object 
• Runs with spatial awareness and negotiates space successfully ","• Encourage children to move with controlled effort 
• Use music of different tempo, styles and cultures to create moods 
• Motivate children to be active through group games ","• Provide time and space to enjoy energetic play outdoors daily 
• Provide large portable equipment that children can move about safely 
• Practise movement skills through games with beanbags, cones, balls "
Physical Development,Moving and Handling,Range 6,"• Uses simple tools to effect changes to materials 
• Shows a preference for a dominant hand 
• Begins to form recognisable letters independently ","• Notice a child who moves repetitively in a particular way 
• Notice a child who lacks strength in limbs to push, pull or move ","• Provide access to waterproofs and wellington boots 
• Provide equipment that supports different kinds of schemas 
• Agree acceptable levels of risk and challenge "
Physical Development,Health and Self-care,Range 1,"• Responds to and thrives on warm, sensitive physical contact and care 
• Makes needs known through crying and body movements 
• Sleeps for 14-16 hours a day, with several short naps ","• Be alert and responsive to when babies have moved out of exploratory mode 
• Talk to young babies as you stroke their cheeks 
• Discuss with parents the critical role of sleep in infancy ","• Provide a dedicated place for daytime sleeping outdoors as well as indoors 
• Enable and allow babies to sleep when they need to 
• Provide ample seating both indoors and outside "
Physical Development,Health and Self-care,Range 2,"• Grasps finger foods and brings them to mouth 
• Attentive to sounds in the environment 
• Generally has up to 12 teeth ","• Make sure that clothing enables mobility and does not present any hazards 
• Help babies use their feet in crawling and standing by removing footwear 
• Explain to parents how supporting self-directed movement provides the basis for motor planning ","• Help children to enjoy their food and appreciate healthier choices 
• Provide safe surroundings in which young children have freedom to move 
• Ensure that the environment is calm and not filled with noise "
Physical Development,Health and Self-care,Range 3,"• Develops own likes and dislikes in food and drink 
• Shows interest in indoor and outdoor clothing 
• Clearly communicates wet or soiled nappy or pants ","• Be responsive to and encourage each child's drive to become independent in self-care 
• Be aware of and learn about differences in cultural attitudes 
• Value children's choices and encourage them to try something new ","• Ensure that there are plenty of different places and ways for toddlers to find withdrawal 
• Provide ample seating so that toddlers can snuggle with adults 
• Ensure that there is time for young children to complete a self-chosen task "
Physical Development,Health and Self-care,Range 4,"• Very energetic in short bursts and needs time for rest and calm 
• Needs to sleep for 10-13 hours in a 24-hour period 
• Feeds self competently ","• Provide quiet spaces for children to rest or nap 
• Respond to how child communicates need for food, drinks, toileting 
• Support parents' routines with young children's self-care ","• Allow children to pour their own drinks, serve their own food 
• Provide support and advice for parents on healthy eating 
• Offer choices for children in terms of potties, trainer seats "
Physical Development,Health and Self-care,Range 5,"• Can tell adults when hungry, full up or tired 
• Observes and can describe in words or actions the effects of physical activity 
• Can name and identify different parts of the body ","• Talk with children about why you encourage them to rest 
• Encourage children to notice the changes in their bodies after exercise 
• Talk with children about the importance of hand-washing ","• Provide a cosy place with a cushion and a soft light 
• Plan so that children can be active in a range of ways 
• Encourage children to be active and energetic by organising lively games "
Physical Development,Health and Self-care,Range 6,"• Eats a healthy range of foodstuffs and understands need for variety 
• Describes a range of different food textures and tastes 
• Describes physical changes to the body that can occur when feeling unwell ","• Be aware that some children may have sensory issues around food 
• Acknowledge and encourage children's efforts to manage their personal needs 
• Promote health awareness by talking with children about exercise ","• Plan opportunities, particularly after exercise, for children to talk about how their bodies feel 
• Review enabling environments for adventure and challenge 
• Develop and make use of a variety of natural landscapes "
Literacy,Reading,Range 1,"• Notices and engages with sounds and images in the environment 
• Enjoys looking at books and other suitable printed or digital material 
• Handles books, printed and digital reading material with interest ","• Use finger play, rhymes and familiar songs to support young babies' enjoyment 
• Provide enjoyable shared experiences with books and apps 
• Plan shared story and book time as a key source of nurture ","• Provide mobiles, inviting displays and pictures of familiar characters 
• Collect a diverse range of board books, cloth books, picture books 
• Offer books that provide sensory experiences "
Literacy,Reading,Range 2,"• Responds to sounds in the environment 
• Is interested in and explores the sounds made by banging and tapping 
• Waves and taps arms, bounces or stamps to simple rhythms ","• Notice and support babies' developing responses, gestures and movements 
• Make voice sounds and say words as babies explore print 
• Sing simple songs and nursery rhymes with children ","• Let children handle books and draw their attention to pictures 
• Tell and read stories, looking at and interacting with young babies 
• Draw on children's home cultures to create meaningful reading experiences "
Literacy,Reading,Range 3,"• Notices pictures and symbols and beginning to recognise what they stand for 
• Is interested in and anticipates books and rhymes 
• Begins to join in with actions and sounds in familiar song ","• Encourage and support children's responses to picture books 
• Use different voices to tell stories ","• Provide opportunities for children to explore sound with drums 
• Provide digital recordings of rhymes, stories, sounds 
• Provide picture books, books with flaps or hidden words "
Literacy,Reading,Range 4,"• Has some favourite stories, rhymes, songs, poems or jingles 
• Repeats and uses actions, words or phrases from familiar stories 
• Fills in the missing word or phrase in a known rhyme ","• Encourage children to use and extend the stories they hear in their play 
• Tune into words from stories that individual children particularly enjoy 
• Read stories that children already know, pausing at intervals ","• Find quality time every day to tell and read stories to children 
• Provide stories, pictures and puppets which allow children to experience how characters feel 
• Include familiar environmental print in the role play area "
Literacy,Reading,Range 5,"• Joins in with repeated refrains and anticipates key events 
• Talks about events and principal characters in stories 
• Shows interest in illustrations and words in print and digital books ","• Read dual language books with all children 
• Remember that established literacy practices in homes might differ 
• Read aloud to children every day ","• Provide a range of reading materials that draw on home experiences 
• Ensure children can see written text, e.g. use big books 
• Provide a range of resources in play areas, such as empty cereal packets "
Literacy,Reading,Range 6,"• Begins to recognise some written names of peers 
• Begins to develop phonological and phonemic awareness 
• Begins to segment the sounds in simple words and blend them ","• Play games to help children make links between letters and speech sounds 
• Model how simple words can be segmented into sounds 
• Consider teaching Alternative and Augmentative Communication (AAC) ","• Introduce children to new words, and explore their meaning together 
• Provide story sacks and boxes 
• Help children to identify the main events in a story "
Literacy,Writing,Range 1,"• Begins to understand the cause and effect of their actions in mark making 
• Knows that the marks they make are of value 
• Enjoys the sensory experience of making marks ","• Encourage children to use their fingers and implements to explore and trace marks 
• Make marks together with babies and toddlers using a range of materials 
• Encourage different mark-making movements ","• Provide a range of materials: sand, paint, early writing apps 
• Give children large sheets of paper, trays of gloop, paint 
• Introduce a range of appropriate implements including large brushes "
Literacy,Writing,Range 2,"• Distinguishes between the different marks they make 
• Enjoys drawing and writing on paper, on screen and on different textures ","• Tell children about the marks you are making and encourage them to talk to you 
• Value these early mark making activities by sharing them with others 
• Write down (scribe) children's words, and read them back ","• Offer children a range of different surfaces to make marks on 
• Provide a broad range of opportunities for early writing experiences 
• Draw attention to marks, signs and symbols in the environment "
Literacy,Writing,Range 3,"• Makes up stories, play scenarios, and drawings in response to experiences 
• Sometimes gives meaning to their drawings and paintings 
• Ascribes meanings to signs, symbols and words ","• Notice and encourage children's drawing, painting and early writing 
• Celebrate and value children's early attempts at graphic representation 
• Model and include children in using signs and writing to expand playful experiences ","• Write down things children say to support their developing understanding 
• Set up environments of offices, dens, shop, etc. 
• Provide a range of accessible materials and tools for writing "
Literacy,Writing,Range 4,"• Imitates adults' writing by making continuous lines of shapes and symbols 
• Attempts to write their own name, or other names and words 
• Shows interest in letters on a keyboard ","• Support children in recognising and writing their own names 
• Make paper and digital books with children of activities they have been doing 
• Write poems and short stories together with the children ","• Provide activities during which children can experiment with writing 
• Encourage children to use their phonic knowledge when writing "
Literacy,Writing,Range 5,"• Begins to make letter-type shapes to represent the initial sound of their name 
• Enjoys creating texts to communicate meaning for an increasingly wide range of purposes 
• Gives meaning to the marks they make as they draw, write, paint ","• Find out about, show interest in and legitimise children's out-of-school writing practices 
• Talk to children about things they might write to support their play 
• Write stories, poems, jokes, lists, plans, maps etc. together with children ","• Provide word banks, notebooks, clipboards, post-its 
• Ensure resources enable children to draw on their out-of-school practices 
• Include oral stories and explore ways to develop oral storytelling skills "
Literacy,Writing,Range 6,"• Begins to break the flow of speech into words 
• Starts to develop phonic knowledge by linking sounds to letters 
• Uses their developing phonic knowledge to write things such as labels ","• Talk to children about the letters that represent the sounds they hear 
• Model how to segment the sounds (phonemes) in simple words 
• Encourage children to apply their own grapheme/phoneme knowledge ","• Provide a range of opportunities to write for different purposes 
• Resource role-play areas with listening and writing equipment 
• Plan enjoyable activities and games that help children create rhyming strings "
Mathematics,Number,Range 1,"• Reacts to changes of amount when those amounts are significant 
• Responds to size, reacting to very big or very small items ","• Notice and mirror children's reactions to changes in amount 
• Add to objects & draw attention to the change in amount 
• When feeding babies comment on whether they would like more ","• Provide small groups of the same objects in treasure baskets 
• Provide a range of objects of various lengths and weights "
Mathematics,Number,Range 2,"• May be aware of number names through their enjoyment of action rhymes 
• Looks for things which have moved out of sight ","• Take opportunities during play to sing number rhymes 
• During personal care routines make a point of using numbers 
• Play peek-a-boo hiding games ","• Plan to sing number rhymes with actions 
• Provide big and little versions of objects for children to play with 
• Share picture books showing objects of contrasting sizes "
Mathematics,Number,Range 3,"• Responds to words like lots or more 
• Says some counting words 
• Uses number words, like one or two ","• Talk with young children about lots, more and not many 
• Draw attention to contrasting differences and changes in amounts 
• Model counting things in everyday situations and routines ","• Play hiding games so children notice that something has gone 
• Provide varied sets of objects for playful opportunities 
• Count while engaging in everyday tasks "
Mathematics,Number,Range 4,"• Beginning to compare and recognise changes in numbers of things 
• Begins to say numbers in order, some of which are in the right order 
• In everyday situations, takes or gives two or three objects ","• Use the language of size and weight as children are involved in everyday play 
• Emphasise the sequence within familiar activities or routines 
• Encourage children to explore the collections they make ","• Provide a range of objects, including big, heavy and awkward ones 
• Provide different sizes and shapes of bags, boxes and containers 
• Provide buckets and bags for children to create collections "
Mathematics,Number,Range 5,"• Compares two small groups of up to five objects 
• May enjoy counting verbally as far as they can go 
• Subitises one, two and three objects ","• Encourage children to share items between two people or toys 
• Capitalise on children's fascination with counting by joining in 
• Enjoy counting forwards and back ","• Provide a numeral rich environment 
• Provide numerals that children can pick up and use 
• Provide resources indoors and outside for children to explore higher numbers "
Mathematics,Number,Range 6,"• Uses number names and symbols when comparing numbers 
• Enjoys reciting numbers from 0 to 10 (and beyond) 
• Engages in subitising numbers to four and maybe five ","• Model comparing numbers in problems about fair shares 
• Play games such as hide and seek that involve counting 
• Talk with children about the strategies they have used to solve a problem ","• Involve children in voting, e.g. for books to read 
• Discuss examples and display large numbers 
• Jump with children along a number track "
Understanding the World,People and Communities,Range 1,"• Starts to realise they influence people 
• Develops a sense of belonging to their family and their key carer ",• Provide opportunities for babies and toddlers to see people and things beyond the baby room ,"• Collect stories for, and make books about, children in the group 
• Provide books and resources which represent children's diverse backgrounds "
Understanding the World,People and Communities,Range 2,"• Recognises key people in their own lives 
• Is curious about people and shows interest in stories about people ","• Help children to learn each other's names 
• Be positive about differences between people ","• Make photographic books about the children in the setting 
• Provide positive images of all children including those with diverse physical characteristics "
Understanding the World,People and Communities,Range 3,"• Has a sense of own immediate family and relations and pets 
• In pretend play, imitates everyday actions and events ","• Talk to children about their friends, their families, and why they are important 
• Be sensitive to the possibility of children who may have lost special people ","• Share photographs of children's families, friends, pets 
• Support children's understanding of difference and of empathy "
Understanding the World,People and Communities,Range 4,"• Shows interest in the lives of people who are familiar to them 
• Enjoys joining in with family customs and routines ","• Encourage children to talk about their own home and community life 
• Ensure that children learning English as an additional language have opportunities ","• Plan extra time for helping children in transition 
• Provide activities and opportunities for children to share experiences "
Understanding the World,People and Communities,Range 5,"• Knows some of the things that make them unique 
• Talks about past and present events in their own life ","• Share stories about people from the past who have an influence on the present 
• Encourage children to share their feelings and talk about why they respond to experiences ","• Invite children and families with experiences of living in other countries 
• Provide role-play areas with a variety of resources reflecting diversity "
Understanding the World,People and Communities,Range 6,"• Knows that other children do not always enjoy the same things 
• Knows about similarities and differences between themselves and others ","• Help children and parents to see the ways in which their cultures and beliefs are similar 
• Visit different parts of the local community ","• Make a display with the children, showing all the people who make up the community 
• Share stories that reflect the diversity of children's experiences "
Understanding the World,The World,Range 1,"• Moves eyes, then head, to follow moving objects 
• Reacts with abrupt change when a face or object suddenly disappears ",• Encourage young babies' movements through your interactions ,"• Provide a range of everyday and natural objects to explore 
• Provide additional interest - make small changes "
Understanding the World,The World,Range 2,"• Smiles with pleasure at recognisable playthings 
• Repeats actions that have an effect ","• Play hiding and finding games inside and outdoors 
• Plan varied arrangements of equipment and materials ","• Provide lift-the-flap books 
• Play hide-and-seek outside "
Understanding the World,The World,Range 3,"• Becomes absorbed in combining objects 
• Knows things are used in different ways ","• Talk with children about their responses to sights, sounds and smells 
• Encourage young children to explore puddles, trees and surfaces ","• Display and talk about photographs of babies' favourite places 
• Take babies on regular outings to a range of local environments "
Understanding the World,The World,Range 4,"• Notices detailed features of objects in their environment 
• Can talk about some of the things they have observed ","• Tell stories about places and journeys 
• Use parents' knowledge to extend children's experiences ","• Make use of outdoor areas to give opportunities for investigations 
• Provide story and information books about places "
Understanding the World,The World,Range 5,"• Comments and asks questions about aspects of their familiar world 
• Talks about why things happen and how things work ","• Support children with sensory impairment 
• Arouse awareness of features of the environment ","• Use the local area for exploring both the built and the natural environment 
• Provide opportunities to observe things closely "
Understanding the World,The World,Range 6,"• Looks closely at similarities, differences, patterns and change in nature 
• Knows about similarities and differences in relation to places, objects ","• Help children to notice and discuss patterns around them 
• Use appropriate words to help children make distinctions ","• Give opportunities to record and creatively represent findings 
• Provide stories that help children to make sense of different environments "
Expressive Arts and Design,Creating with Materials,Range 1,"• Experiments with a range of media - tools, materials, sound ","• Attend to how babies and children are using their whole body 
• Welcome the ways in which babies and children arrange materials ","• Create a rich and well-ordered environment 
• Choose and select with intention the materials and tools available "
Expressive Arts and Design,Creating with Materials,Range 2,"• Continues to explore and experiment with an increasing range of media 
• Moves while singing/vocalising ","• Listen to and enjoy with children a variety of sounds 
• Sensitively introduce children to language to describe sounds ","• Offer a variety of objects that will make different sounds 
• Create opportunities to encounter and revisit key materials "
Expressive Arts and Design,Creating with Materials,Range 3,"• Mirrors and improvises actions they have observed 
• Sings/vocalises whilst listening to music ","• Understand that young children's creative and expressive processes are part of their development 
• Become familiar with the properties and characteristics of materials ","• Create space and time for movement and dance 
• Plan a varied and appropriate series of live performances "
Expressive Arts and Design,Creating with Materials,Range 4,"• Joins in singing songs 
• Creates sounds by rubbing, shaking, tapping ","• Observe, analyse and document the processes involved 
• Help children to listen to music and watch dance ","• Draw on a wide range of art works from a variety of cultural backgrounds 
• Continue to provide opportunities to encounter and revisit key materials "
Expressive Arts and Design,Creating with Materials,Range 5,"• Explores and learns how sounds and movements can be changed 
• Continues to explore moving in a range of ways ","• Support children's talk by sharing terms used by artists 
• When children have a strong intention in mind, support them in thinking ","• Offer resources for mixing colours, joining things together 
• Create a place where work in progress can be kept safely "
Expressive Arts and Design,Creating with Materials,Range 6,"• Begins to build a collection of songs and dances 
• Makes music in a range of ways ","• Draw attention to children's choice and use of materials 
• Use individual, small group, and large group discussion ","• Offer opportunities to encounter and revisit key materials 
• Provide a range of joining materials "
Understanding the World,Technology,Range 1-2,"• The beginnings of understanding technology lie in babies exploring and making sense of objects.
• Anticipates repeated sounds, sights and actions, e.g. when an adult demonstrates an action toy.","• Comment on the ways in which young children investigate how to push, pull, lift or press parts of toys.
• Talk about the effect of children's actions, as they investigate what things can do.","• Have available robust resources with knobs, flaps, keys or shutters.
• Incorporate technology resources that children recognise into their play, such as a camera."
Understanding the World,Technology,Range 3,"• Seeks to acquire basic skills in turning on and operating some digital equipment.
• Operates mechanical toys, e.g. turns the knob on a wind-up toy.","• Support children in exploring the control technology of toys, e.g. toy electronic keyboard.
• Talk about digital and other electric equipment, what it does and how to use it safely.","• Provide safe equipment to play with, such as torches and walkie-talkies.
• Let children use machines like the photocopier to copy their own pictures."
Understanding the World,Technology,Range 4,"• Plays with water to investigate 'low technology' such as washing and cleaning.
• Uses pipes, funnels and other tools to carry/transport water.",• Talk to children about 'low technologies' such as washing and drying.,"• Provide a range of materials for children to 'stain' and wash outside.
• Provide a range of pipes, funnels, containers, water wheels and water."
Understanding the World,Technology,Range 5,"• Knows how to operate simple equipment, e.g. turns on CD player, uses a remote control.
• Shows an interest in technological toys with knobs or pulleys.
• Shows skill in making toys work by pressing parts or lifting flaps.","• Support and extend the skills children develop as they become familiar with simple equipment.
• Draw young children's attention to pieces of digital apparatus they see.
• Talk to children about their uses of technologies at home.","• When out in the locality, ask children to help to press the button at the pelican crossing.
• Provide a range of materials that enable children to explore cause and effect.
• Provide a range of programmable toys for children to play with."
Understanding the World,Technology,Range 6,"• Completes a simple program on electronic devices.
• Uses ICT hardware to interact with age-appropriate computer software.
• Can create content such as a video recording, stories, and/or draw a picture on screen.","• Support children to be curious in grappling with cause and effect.
• Encourage children to speculate on the reasons why things happen.
• Teach and encourage children to click on different icons to cause things to happen.","• Provide a range of materials and objects to play with that work in different ways (egg whisk, torch, pulleys).
• Retrieve content and use to facilitate discussions, allowing children to recall trips/past events."
Expressive Arts and Design,Being Imaginative and Expressive,Range 1-2,"• Responds to and engages with the world that surrounds them, e.g. sounds, movement.
• Expresses self through physical actions and sound.
• Pretends that one object represents another.","• Notice the ways in which babies react to other babies and adults.
• Show genuine interest and be willing to play along with a young child who is beginning to pretend.","• Create a rich environment that enables babies and children to use all their senses.
• Provide babies and children with a range of experiences to feed their imaginative potential.
• Provide a range of resources including familiar and non-specific items."
Expressive Arts and Design,Being Imaginative and Expressive,Range 3,"• Creates sound effects and movements, e.g. creates the sound of a car.
• Uses everyday materials to explore, understand and represent their world.","• Observe and sometimes take part in children's make-believe play.
• Observe and reflect on the children's own explorations and creations.","• Offer a variety of stimulating resources that can be used in different ways.
• Create time and space for children to develop their own creations."
Expressive Arts and Design,Being Imaginative and Expressive,Range 4,"• Begins to make believe by pretending using sounds, movements, words.
• Creates rhythmic sounds and movements.","• Support children's development of imaginary worlds by encouraging new experiences.
• Share a diverse range of text, image-based and oral stories.","• Ensure children have opportunities to experience the world outside the setting.
• Tell stories based on children's experiences and the people and places they know well."
Expressive Arts and Design,Being Imaginative and Expressive,Range 5,"• Uses movement and sounds to express experiences, expertise, ideas and feelings.
• Experiments and creates movement in response to music, stories and ideas.
• Sings to self and makes up simple songs.","• Co-create stories with children based on their ideas, experiences.
• Enrich the environment inside and out with materials, resources, natural objects.
• Recognise and promote children's agency in expressing their unique and subjective viewpoint.","• Offer children a wide variety of materials and resources to build, become, and represent.
• Provide children with opportunities to develop their enquiries using materials and tools over extended periods."
Expressive Arts and Design,Being Imaginative and Expressive,Range 6,"• Creates representations of both imaginary and real-life ideas, events, people.
• Initiates new combinations of movements and gestures in order to express feelings.
• Uses combinations of art forms, e.g. moving and singing.","• Support children to gain confidence in their own way of representing and sharing ideas.
• Support children in communicating through their bodies by responding to movement.
• Celebrate children's imaginative ideas and creations by sharing them.","• Make materials accessible so that children are able to imagine and develop their enquiries.
• Introduce descriptive language to support children within the context of their own imaginative experiences."
Mathematics,Spatial Awareness,Range 1,"• Explores space when they are free to move, roll and stretch 
• Developing an awareness of their own bodies, that their body has different parts and where these are in relation to each other ","• Support babies' developing awareness of their own bodies e.g. through baby massage and singing songs 
• During floor play sometimes place objects that are just in or just out of reach ","• Provide opportunities for babies to move freely on carpets, grass etc. 
• Provide low mirrors to support babies to develop a body awareness "
Mathematics,Shape,Range 1,"• Explores differently sized and shaped objects 
• Beginning to put objects of similar shapes inside others and take them out again ","• Encourage babies' explorations of the characteristics of objects, e.g. by rolling a ball 
• Demonstrate putting items inside others of similar shape ","• Provide interestingly shaped objects to explore 
• Make towers for children to knock down using objects that stack "
Mathematics,Pattern,Range 1,"• Shows interest in patterned songs and rhymes, perhaps with repeated actions 
• Experiences patterned objects and images 
• Begins to predict what happens next in predictable situations ","• Sing patterned songs and rhymes with predictable movements or actions 
• Move with babies to the rhythm patterns in familiar songs 
• Use repeated noises, movements and activities ","• Plan for adults to have time to enjoy repetitive activities with babies 
• Provide resources with high-contrast patterns "
Mathematics,Measures,Range 1,"• Responds to size, reacting to very big or very small items that they see or try to pick up ","• Comment on the size and weight of objects when babies grasp objects that are big or heavy 
• During water play and bathing routines, show filling and emptying containers ",• Provide a range of objects of various lengths and weights in treasure baskets 
Mathematics,Spatial Awareness,Range 2,• Explores space around them and engages with position and direction ,"• Use spatial words during everyday play and routines 
• Take opportunities to play hide and reveal games with objects ","• Play games that involve curling and stretching, popping up and bobbing down 
• Provide boxes, cloths and bags for children to store, hide and transport items "
Mathematics,Shape,Range 2,"• Stacks objects using flat surfaces 
• Responds to changes of shape 
• Attempts, sometimes successfully, to match shapes with spaces on inset puzzles ",• When playing with malleable materials draw attention to shapes as they are created and changed ,"• Provide blocks and boxes to stack, build and solve problems with 
• Provide a range of inset puzzles and support children as they explore matching shapes with spaces "
Mathematics,Pattern,Range 2,"• Joins in with repeated actions in songs and stories 
• Initiates and continues repeated actions ","• Talk about patterns in the environment e.g. spots and stripes on clothing 
• Spot opportunities to play 'back and forth' and repetitive 'again' games ","• Sing familiar songs with repeated actions, jig to and tap out simple beats 
• Provide items for children to make repetitive sounds "
Mathematics,Measures,Range 2,"• Shows an interest in objects of contrasting sizes in meaningful contexts 
• Gets to know and enjoys daily routine 
• Shows an interest in emptying containers ","• During play and everyday contexts, comment on the sizes and weights of objects 
• Talk about what is going to happen and what has happened during the day using first, next and then ","• Provide big and little versions of objects for children to play with and compare 
• Share picture books showing objects of contrasting sizes "
Mathematics,Spatial Awareness,Range 3,"• Enjoys filling and emptying containers 
• Investigates fitting themselves inside and moving through spaces 
• Moves their bodies and toys around objects and explores fitting into spaces 
• Begins to remember their way around familiar environments ","• Support children's interest in body-sized spaces and provide commentary on the child going inside, under, over 
• Look for opportunities to use spatial language during play activities 
• Encourage children to predict what they will see next on a familiar route ","• Designate specific places or spaces for items to be kept and fitted into for tidying 
• Respect children's urge to explore spaces, to get inside and move between 
• Design outdoor spaces where children can learn through a variety of spatial experiences "
Mathematics,Shape,Range 3,"• Pushes objects through different shaped holes, and attempts to fit shapes into spaces on inset boards 
• Beginning to select a shape for a specific space 
• Enjoys using blocks to create their own simple structures ","• Model thinking about the properties of shapes when selecting them to fit into spaces 
• When playing alongside children who are building, provide commentary about the shapes you are using ","• Provide shape sorters and packaging where children can hide, enclose or post items through holes 
• Provide a range of inset board and puzzles with large pieces 
• Provide a range of construction materials for independent play "
Mathematics,Pattern,Range 3,"• Becoming familiar with patterns in daily routines 
• Joins in with and predicts what comes next in a story or rhyme 
• Beginning to arrange items in their own patterns, e.g. lining up toys ","• Highlight different times of the day and talk about what comes next within the pattern of the day 
• Leave a space for children to do the next action or word in familiar songs 
• Comment on what is the same and what is over and over again in patterns ",• Plan to share stories and songs that contain repeated elements which help children to anticipate what might come next 
Mathematics,Measures,Range 3,"• Shows an interest in size and weight 
• Explores capacity by selecting, filling and emptying containers 
• Beginning to understand that things might happen now or at another time ","• Use the language of size and weight as children are involved in everyday play and routines 
• Use the language of capacity as children explore water or sand 
• Emphasise the sequence within familiar activities or routines ","• Provide a range of objects, including big, heavy and awkward ones 
• Provide different sizes and shapes of bags, boxes and containers so that children can experiment with filling 
• Plan to share images and books which show the order of daily routines "
Mathematics,Shape,Range 4,"• Chooses puzzle pieces and tries to fit them in 
• Recognises that two objects have the same shape 
• Makes simple constructions ","• Chat about the shape of the pieces and the holes when fitting pieces into inset puzzles 
• Model comparing two objects to see if they have the same shape 
• Model your thinking when building ","• Provide a range of inset and jigsaw puzzles of increasing complexity 
• Provide a variety of construction materials including some with identical pieces "
Mathematics,Pattern,Range 4,"• Joins in and anticipates repeated sound and action patterns 
• Is interested in what happens next using the pattern of everyday routines ","• Talk with children about the patterns you notice around you 
• Comment on and help children to recognise the patterns they make in their mark making 
• Draw children's attention to the patterns in their routines by asking what comes next ","• Provide a range of natural and everyday materials, as well as blocks and shapes, with which to make patterns 
• Plan opportunities for children to experience pattern such as percussion, music and action games "
Mathematics,Measures,Range 4,"• Explores differences in size, length, weight and capacity 
• Beginning to understand some talk about immediate past and future 
• Beginning to anticipate times of the day such as mealtimes ","• Use everyday opportunities to describe everyday items and contexts using informal language of size, length, weight and capacity 
• Observe children's problem-solving when ordering things by size 
• In everyday activities, make a commentary about the sequence of events ","• Provide similar items of contrasting sizes so that children have many opportunities to encounter the language of size 
• Provide resources with clearly different weights to support direct comparison 
• Provide equipment with varied capacities and shapes "
Mathematics,Number/Counting,Range 5,"• Compares two small groups of up to five objects 
• May enjoy counting verbally as far as they can go 
• Subitises one, two and three objects (without counting) 
• Counts up to five items, recognising that the last number said represents the total 
• Links numerals with amounts up to 5 and maybe beyond 
• Through play and exploration, beginning to learn that numbers are made up (composed) of smaller numbers ","• Encourage children to share items between two people or toys 
• Capitalise on children's fascination with counting by joining in when they count 
• Model and encourage counting and representing numbers within role play 
• When counting objects with children emphasise the cardinal principle 
• Emphasise the one more, one less pattern in rhymes and traditional tales ","• Provide a numeral rich environment, e.g. in role-play areas 
• Provide resources indoors and outside for children to explore and talk about higher numbers 
• Model using objects to illustrate counting songs, rhymes and number stories 
• Play with either dot or numeral dice 
• Explore different arrangements of the same number, e.g. partitioning five in different ways "
Mathematics,Spatial Awareness,Range 5,"• Responds to and uses language of position and direction 
• Predicts, moves and rotates objects to fit the space or create the shape they would like ","• When children are exploring, use the language of position and direction in context 
• On walks, in pictures or while playing, point out how things or people that are far away look smaller 
• Support children in their problem solving when they are creating rail tracks and road layouts ","• Provide opportunities for children to explore position themselves inside, behind, on top 
• Provide picture books to stimulate discussion about position and direction 
• Create trails and treasure hunts with the children "
Mathematics,Shape,Range 5,"• Chooses items based on their shape which are appropriate for the child's purpose 
• Responds to both informal language and common shape names 
• Shows awareness of shape similarities and differences 
• Enjoys partitioning and combining shapes to make new shapes ","• Help children to choose shapes for a purpose 
• As children experience shapes, use informal language, common shape names and 'nearly' shapes 
• Discuss how shapes can be partitioned in everyday contexts 
• Value children's constructions and solutions to problems ","• Provide differently shaped resources to handle, carry, move and explore 
• Provide large and small blocks and boxes for construction both indoors and outdoors "
Mathematics,Pattern,Range 5,"• Creates their own spatial patterns showing some organisation or regularity 
• Explores and adds to simple linear patterns of two or three repeating items 
• Joins in with simple patterns in sounds, objects, games and stories ","• Whilst playing alongside children, model simple repeating patterns of two or three items 
• Demonstrate arranging objects in spatial patterns when building 
• Draw children's attention to patterns around them including from a range of cultures ","• Provide a range of items for free exploration of patterning indoors and outdoors 
• Encourage children to join in with body patterns or repeating sections of songs 
• Pause to encourage prediction when enjoying stories and rhymes with repeating elements "
Mathematics,Measures,Range 5,"• In meaningful contexts, finds the longer or shorter, heavier or lighter and more/less full of two items 
• Recalls a sequence of events in everyday life and stories ","• During play, model comparing lengths and distances 
• Look out for meaningful opportunities for children to compare by length, weight, capacity and time 
• Encourage children to respond to and use words such as before, after, soon or later ","• Provide problem-solving opportunities indoors and outdoors for comparing length, weight and capacity 
• Encourage children to participate in seesaw and balance scale play 
• Ask children to predict What happens next? using visual timetables "
Mathematics,Number/Counting,Range 6,"• Uses number names and symbols when comparing numbers 
• Enjoys reciting numbers from 0 to 10 (and beyond) and back 
• Increasingly confident at putting numerals in order 0 to 10 
• Engages in subitising numbers to four and maybe five 
• Counts out up to 10 objects from a larger group 
• Shows awareness that numbers are made up (composed) of smaller numbers 
• Begins to explore and work out mathematical problems, using signs and strategies ","• Model comparing numbers in problems about fair shares 
• Play games such as hide and seek that involve counting, forwards and backwards 
• Discuss the order of numbers in context 
• Enjoy subitising games and sustained shared thinking about number 
• Encourage children to make predictions and visualise the outcome in stories 
• Talk to children about the marks and signs they use to represent and communicate their thinking ","• Involve children in voting, e.g. for books to read at story time 
• Discuss examples and display large numbers including hundreds, thousands and a million 
• Jump with children along a number track 
• Plan opportunities to order mixed-up numerals 
• Pose everyday estimation problems and establish mental estimation benchmarks 
• Provide dice, board and card games "
Mathematics,Spatial Awareness,Range 6,"• Uses spatial language, including following and giving directions 
• Investigates turning and flipping objects in order to make shapes fit and create models 
• May enjoy making simple maps of familiar and imaginative environments ","• Encourage the use of relative terms (in front of, behind, before and after) 
• Encourage children to explore what can be seen from different viewpoints 
• Encourage children to describe position and give directions in play 
• Encourage children to create scaled-down models such as in small world play ","• Play barrier games (where players have an identical set of objects which are hidden from each other) 
• Plan opportunities for children to describe and recall familiar routes 
• Engage families in taking photos of familiar things from different viewpoints "
Mathematics,Shape,Range 6,"• Uses informal language and analogies... as well as mathematical terms to describe shapes 
• Enjoys composing and decomposing shapes 
• Uses own ideas to make models of increasing complexity ","• Encourage children to use the names of shapes and their properties 
• Discuss different examples of the same shape in a variety of orientations 
• Take opportunities to discuss the shapes that children paint, draw and collage 
• Challenge children to make more complex constructions such as towers of arches ","• Provide resources for shape play including unit blocks, pattern blocks, mosaic tiles 
• Teach strategies for solving shape and jigsaw puzzles 
• Play games focussing on the properties of shapes, such as hiding and partially revealing a shape "
Mathematics,Pattern,Range 6,"• Spots patterns in the environment, beginning to identify the pattern 'rule' 
• Chooses familiar objects to create and recreate repeating patterns beyond AB patterns ","• Encourage children to notice and appreciate a range of patterns involving repetition and symmetry 
• Model using symbols to represent a pattern in other ways 
• Make deliberate mistakes when creating patterns alongside children ","• Provide opportunities for printing patterns using a variety of objects 
• Using photos, challenge children to copy and continue patterns 
• Invite children to create a pattern with the same structure using different objects "
Mathematics,Measures,Range 6,"• Enjoys tackling problems involving prediction and discussion of comparisons 
• Becomes familiar with measuring tools in everyday experiences and play 
• Is increasingly able to order and sequence events using everyday language related to time ","• When comparing the length, weight and capacity of things... encourage children to predict and give reasons 
• Discuss accuracy, for instance matching ends or starting points 
• Support timed challenges by timing runs, trails, obstacle courses 
• Discuss the order and sequence of events in routines and role play ","• Have areas where children can explore the properties of objects, compare lengths, weigh and measure 
• Provide pictorial sequences for instructions 
• Model using measuring tools including height charts, rulers, tape-measures, scales and timers 
• Sing songs about the days of the week and months of the year "
Understanding the World,Technology,Range 1-2,"• The beginnings of understanding technology lie in babies exploring and making sense of objects 
• Anticipates repeated sounds, sights and actions, e.g. when an adult demonstrates an action toy 
• Shows interest in toys with buttons, flaps and simple mechanisms ","• Comment on the ways in which young children investigate how to push, pull, lift or press parts of toys 
• Talk about the effect of children's actions, as they investigate what things can do ","• Have available robust resources with knobs, flaps, keys or shutters 
• Incorporate technology resources that children recognise into their play, such as a camera "
Understanding the World,Technology,Range 3,"• Seeks to acquire basic skills in turning on and operating some digital equipment 
• Operates mechanical toys, e.g. turns the knob on a wind-up toy ","• Support children in exploring the control technology of toys, e.g. toy electronic keyboard 
• Talk about digital and other electric equipment, what it does and how to use it safely ","• Provide safe equipment to play with, such as torches and walkie-talkies 
• Let children use machines like the photocopier to copy their own pictures "
Understanding the World,Technology,Range 4,"• Plays with water to investigate 'low technology' such as washing and cleaning 
• Uses pipes, funnels and other tools to carry/transport water from one place to another ",• Talk to children about 'low technologies' such as washing and drying ,"• Provide a range of materials for children to 'stain' and have a go at washing outside 
• Provide a range of pipes, funnels, containers, water wheels and water "
Understanding the World,Technology,Range 5,"• Knows how to operate simple equipment, e.g. turns on CD player, uses a remote control 
• Shows an interest in technological toys with knobs or pulleys 
• Shows skill in making toys work by pressing parts or lifting flaps ","• Support and extend the skills children develop as they become familiar with simple equipment 
• Draw young children's attention to pieces of digital apparatus they see 
• Talk to children about their uses of technologies at home 
• Support children to be curious in grappling with cause and effect ","• When out in the locality, ask children to help to press the button at the pelican crossing 
• Provide a range of materials that enable children to explore cause and effect 
• Provide a range of programmable toys for children to play with "
Understanding the World,Technology,Range 6,"• Completes a simple program on electronic devices 
• Uses ICT hardware to interact with age-appropriate computer software 
• Can create content such as a video recording, stories, and/or draw a picture on screen 
• Can use the internet with adult supervision to find and retrieve information ","• Encourage children to speculate on the reasons why things happen or how things work 
• Support children to coordinate actions to use technology 
• Teach and encourage children to click on different icons to cause things to happen ","• Provide a range of materials and objects to play with that work in different ways for different purposes 
• Retrieve content and use to facilitate discussions, allowing children to recall trips/past events "
Expressive Arts and Design,Being Imaginative and Expressive,Range 1-2,"• Responds to and engages with the world that surrounds them, e.g. sounds, movement 
• Expresses self through physical actions and sound 
• Pretends that one object represents another ","• Notice the ways in which babies react to other babies and adults 
• Tune into and sensitively respond to babies' and children's expressive and communicative actions 
• Show genuine interest and be willing to play along with a young child who is beginning to pretend ","• Create a rich environment that enables babies and children to use all their senses 
• Provide babies and children with a range of experiences to feed their imaginative potential 
• Provide a range of resources including familiar and non-specific items that can be used in a range of ways "
Expressive Arts and Design,Being Imaginative and Expressive,Range 3,"• Creates sound effects and movements, e.g. creates the sound of a car 
• Uses everyday materials to explore, understand and represent their world ","• Observe and sometimes take part in children's make-believe play 
• Observe and reflect on the children's own explorations and creations ","• Offer a variety of stimulating resources that can be used in different ways 
• Create time and space for children to develop their own creations "
Expressive Arts and Design,Being Imaginative and Expressive,Range 4,"• Begins to make believe by pretending using sounds, movements, words 
• Creates rhythmic sounds and movements ","• Ensure children have opportunities to experience the world outside the setting 
• Support children's development of imaginary worlds by encouraging new experiences 
• Share a diverse range of text, image-based and oral stories ","• Tell stories based on children's experiences and the people and places they know well 
• Create spaces for children to respond to stories and their representing their ideas "
Expressive Arts and Design,Being Imaginative and Expressive,Range 5,"• Uses movement and sounds to express experiences, expertise, ideas and feelings 
• Experiments and creates movement in response to music, stories and ideas 
• Sings to self and makes up simple songs ","• Co-create stories with children based on their ideas, experiences 
• Enrich the environment inside and out with materials, resources, natural objects 
• Recognise and promote children's agency in expressing their unique and subjective viewpoint ","• Offer children a wide variety of materials and resources to build, become, and represent 
• Provide children with opportunities to develop their enquiries using materials and tools over extended periods "
Expressive Arts and Design,Being Imaginative and Expressive,Range 6,"• Creates representations of both imaginary and real-life ideas, events, people 
• Initiates new combinations of movements and gestures 
• Uses combinations of art forms, e.g. moving and singing 
• Responds imaginatively to art works and objects 
• Introduces a storyline or narrative into their play ","• Support children to gain confidence in their own way of representing and sharing ideas 
• Support children in communicating through their bodies by responding to movement 
• Celebrate children's imaginative ideas and creations by sharing them ","• Make materials accessible so that children are able to imagine and develop their enquiries 
• Introduce descriptive language to support children within the context of their own imaginative experiences "
