url,title,description,thumbnail,tags,skills,what you'll need,instructions,variations,info checked,tested
,milk jug elephants,,https://theimaginationtree.com/wp-content/uploads/2014/07/Elmer-elephant-milk-jug-craft-680x453.jpg,"Art, Recycling","3D Design, Construction","Milk jugs, paint, paper, scissors","1. Cut the handle and side of a milk jug to look like an elephant's trunk and head. 2. Paint the jug gray. 3. Add large paper ears to the sides. 4. Use the opening of the jug for the eyes or trunk detail. 5. Discuss how we can turn ""rubbish"" into a whole zoo of animals.",,y,y
,egg box reef,,https://i.pinimg.com/1200x/0d/f9/a9/0df9a97963355e0bd97b5c41f1d71e82.jpg,"Art, Recycling, Ecology","3D Design, Environment","Egg cartons, green/blue paint, glitter, scraps","1. Use the bottom of a large egg carton as the ""seabed."" 2. Cut individual cups and trim the edges to look like anemones or coral. 3. Paint everything in vibrant ""underwater"" colors. 4. Glue in small pebbles or blue paper scraps for water. 5. Add paper fish or pipe cleaner seaweed to complete the reef.",,y,n
https://uk.pinterest.com/pin/16466354883090829/,shark pop-up card,,https://www.easypeasyandfun.com/wp-content/uploads/2020/01/step1-4.jpg,"Art, Literacy, Geometry","3D Design, Folding","Cardstock, scissors, markers","The Base Fold: Fold a piece of cardstock in half to create your card. Keep it folded.

The Mouth Cut: On the folded edge, use scissors to make one straight cut (about 2 inches long) directly into the center of the card.

The Triangle Folds: Take the two corners created by that cut and fold them back away from the center to create two small triangles. Crease these triangles very firmly with your fingernail.

The Reverse Crease: Unfold the two small triangles so the card is flat (but still folded in half).

The Pop: Open the card slightly. Use your finger to push the two triangle ""flaps"" through to the inside of the card.

The Set: Close the card flat and press down hard. When you open the card now, the triangles should pop inward, creating a ""beak"" or ""mouth"" that opens and closes.",different animals ,y,y
,egg box penguins,,https://i.pinimg.com/1200x/fe/54/61/fe5461149af527520bf450ebcbd05f50.jpg,"Art, Recycling, Animals","3D Design, Patterns","Egg carton, black/white paint, orange paper, scissors, glue","1. Cut individual cups from an egg carton. 2. Paint the front white and the rest black. 3. Cut a tiny orange triangle for a beak and glue it on. 4. Glue on small black paper ""flippers."" 5. Stand them up in a group to create a penguin colony.",,y,y
https://uk.pinterest.com/pin/16466354883090815/,pop up farm,,https://i.pinimg.com/736x/b8/68/45/b86845aebc25eb575aee4249567b81d0.jpg,"Art, Literacy, Drama","3D Design, Storytelling","Cardstock, markers, scissors, glue","The Backdrop: Fold a large piece of blue cardstock in half to create the background sky and the base of your card.

The Fan Floor: Take a rectangular piece of orange paper and fold it back and forth in even ""mountain and valley"" folds to create a long accordion fan.

The Center Anchor: Fold your finished accordion fan in half to find the center point.

Gluing the Fan: Apply glue to the two flat outer ends of the fan.

The Pop-Up Mechanism: Press the center fold of the fan into the center crease of your blue card.

Securing the Fan: Glue the left edge of the fan to the left side of the card and the right edge to the right side of the card, making sure the fan sits flat against the bottom edge.

Decoration: Once the glue is dry, open the card to watch the fan spread out into a semi-circle ""floor.""

Finishing Touches: Glue your house and character cut-outs to the blue background and tuck small grass cut-outs into the folds of the orange fan.",,y,y
,egg box seal,,https://i.pinimg.com/1200x/db/b6/e7/dbb6e78fd3ef99a1e1de12c0dc303bf2.jpg,"Art, Recycling, Animals","3D Design, Texture","Egg carton, gray paint, cotton balls","1. Cut a tall pointy bit out, incling bits around it for flippers and tail. 2. Paint them gray. 3. Draw on whiskers and eyes.",,y,y
,egg box whale,,https://i.pinimg.com/736x/9c/df/3b/9cdf3bb63f5c18165f0b6ea21c79a9e7.jpg,"Art, Recycling, Animals","3D Design, Texture","Egg carton, blue paint, paper, scissors","1. Cut a single cup out of an egg carton for the body. 2. Paint the cup bright blue. 3. Cut a ""tail"" and ""fins"" out of blue paper and glue them to the back. 4. Poke a small hole in the top and insert a blue pipe cleaner for the ""spout."" 5. Draw a large smile and eyes on the front.",,y,y
,egg box jellyfish,,https://i.pinimg.com/736x/e4/db/e8/e4dbe89e9a2c26e329270a60d0fb606f.jpg,"Art, Recycling, Animals","3D Design, Texture","Egg carton, purple/blue paint, yarn","1. Cut a single cup from an egg carton. 2. Paint it a ""sea"" color. 3. Attach long pieces of yarn to the bottom for tentacles. 4. Glue on googly eyes. 5. Hang the jellyfish from the ceiling and watch it ""float.""",,y,y
https://uk.pinterest.com/pin/1055599908344749/,3d shape pull,,https://i.pinimg.com/736x/58/f4/3f/58f43f7fa193cb73d1169e0561ad7cb2.jpg,"Math, Geometry, Fine Motor","3D shapes, Perception","paper,hole punch, string, ","Cut out the shape nets, make holes to thread string through, pull to bring 3d shape together ",,y,y
https://uk.pinterest.com/pin/2603712282454385/,junk modelling aim game,,https://i.pinimg.com/736x/83/ea/df/83eadf52c6e72e1db9c5339d5ab51a47.jpg,"STEM, Games, Engineering","Accuracy, Coordination","plastic bottle, tinfoil or beads, scissors, tape","cut the top off the bottle, tape the top back on upside down, drop tinfoil balls or beads into the bottle, turn it over, try and shake the bottle until the balls fall through the hole, try catching them in your other hand. ","different sized balls, what is the best shaking technique?, who can get the most in a certain amount of time?",y,y
,junk modelling instrument,,https://i.pinimg.com/736x/98/fc/d1/98fcd17c8277dc5b5c781bef1b90a967.jpg,"Music, Recycling, STEM","Acoustics, Construction","Empty containers (tins, boxes), rubber bands, tape, bottlecaps","1. Collect various pieces of ""junk"" like a cereal box or a coffee tin. 2. Stretch rubber bands over the opening of the box to make a guitar. 3. Tap on the tins with spoons to make drums. 4. Tape two containers together to see how the sound changes. 5. make cardboard castanets by taping bottlecaps to strips of cardboard 6. Put on a ""junk band"" performance for an audience.",,y,y
,write dance,"put on a piece of music and ask your child to draw to the beat, see how different types of music look e.g. classical, jazz, EDM, or share instrumental versions of your favourite songs. Try as many different genres as you can find but try and avoid anything with lyrics as you are trying to get them to react to just the sounds",,"Art, Music","Acoustics, Expression","Paper, markers, different genres of music","1. Put on a piece of music (Classical, Jazz, or EDM). 2. Use instrumental versions to avoid lyrics. 3. Ask the child to ""draw the sound"" using markers. 4. High, fast music might lead to dots and zigzags; slow, low music might lead to long, wavy lines. 5. Compare the drawings for each genre to see how the music ""looks.""",,y,y
https://uk.pinterest.com/pin/1759287348632233/,papercup woodpecker,,https://i.pinimg.com/736x/3b/59/c1/3b59c15d0e0d9221452d481933f57435.jpg,"STEM, Physics, Nature","physics, ","paper cup, string, paper, scissors,glue, carboard","make paper spring, glue one end to cup, other end to cardboard woodpecker. poke hole in cup above spring, glue one end of string to woodpeckers body, thread string through hole in cup and come out bottom, pull string for woodpecker to peck, release for it to reset",,y,n
,clap game,"have the child sit in front of you, clap a simple rhythm and see if they can copy it",,"Music, Literacy","Acoustics, Rhythm",None (just hands and ears),"1. Sit facing the child. 2. Clap a very simple rhythm (e.g., Clap-Clap-Pause-Clap). 3. The child must try to ""copycat"" the rhythm exactly. 4. Gradually make the rhythms more complex as they get better. 5. This develops the listening skills and auditory memory needed for language.",,y,y
https://www.instructables.com/Camouflage-Critters/,Camouflage Critters  : 4 Steps (with Pictures) - Instructables,"Camouflage Critters : The Science of Camouflage
Have you ever wanted to make yourself disappear while playing a game of hide and seek? Some animals do this every day! Camouflage is a defense technique used by animals to avoid being seen or help them blend in with their e…",https://content.instructables.com/FXO/OVI7/K9R60HJG/FXOOVI7K9R60HJG.png?auto=webp&frame=1,"Science, Biology, Evolution","Adaptation, Observation","paper, scissors, something to colour in with",draw a background and fill in animal outline to blend in with it,"do cameleons and instead of drawing a background colour it in to match something around the house, see how long it takes someone to notice it.",y,n
https://www.instructables.com/Engineering-a-Hoop-Glider/,Engineering a Hoop Glider : 13 Steps (with Pictures) - Instructables,"Engineering a Hoop Glider: Would you like to make your own flying toy, but you’re tired of paper airplanes?  Try making a hoop glider, instead! 
Hoop Gliders move through the air using the same forces that larger airplanes use when they fly.  Those forces are thrust, drag, li…",https://content.instructables.com/FM6/D2EL/KAB2N8YK/FM6D2ELKAB2N8YK.jpg?auto=webp&frame=1,"STEM, Aeronautics, Physics","Aerodynamics, Design","Plastic straw, cardstock, tape, scissors","1. Cut two strips of cardstock: one 1 inch by 5 inches, one 1 inch by 10 inches. 2. Tape each strip into a hoop. 3. Tape the small hoop to the front of the straw and the large hoop to the back. 4. Ensure the hoops are aligned and vertical. 5. Throw it like a spear; the air passing through the hoops provides lift and stability.",,y,n
https://www.instructables.com/Flying-Fish-Paper-Spinner/,Flying Fish Paper Spinner : 7 Steps (with Pictures) - Instructables,"Flying Fish Paper Spinner: This is a fun activity and a great boredom-buster for children that can keep them engrossed in their imagination for hours. All you need is some paper and scissors and you're ready to go.
 Being simple and mess-free is an added bonus making this a g…",https://content.instructables.com/FZ4/KFU4/KSONGJKT/FZ4KFU4KSONGJKT.jpg?auto=webp&frame=1,"STEM, Physics, Aeronautics","Aerodynamics, Rotation","Paper, scissors, paperclip","1. Cut a rectangle of paper and make two slits at the top to create ""wings."" 2. Fold the wings in opposite directions. 3. Fold the bottom part of the paper up and secure it with a paperclip. 4. Drop the ""fish"" from a height. 5. The air resistance makes the spinner rotate like a helicopter as it falls.",,y,n
https://uk.pinterest.com/pin/2885187256194616/,mini plane,,https://i.pinimg.com/736x/c9/eb/45/c9eb454f9fbee8ddbc391fb018eedb79.jpg,"STEM, Engineering, Aeronautics","Aerodynamics, Weight","paper, tape or glue, cotton bud",tape paper wings to cotton bud and throw. Longer wings and cotton part at front.,,y,n
https://uk.pinterest.com/pin/2322237296850211/,laser maze,,https://i.pinimg.com/736x/b9/49/36/b949360cef33fa9774bee8c82d5bbd95.jpg,"Physical Ed, Movement, Focus","Agility, Spatial awareness","Red yarn or string, hallway, tape","1. Tape yarn across a hallway at different heights and angles. 2. The child must navigate through the ""lasers"" without touching them. 3. Crawl under, climb over, and step through the gaps. 4. If they touch a string, they have to start over. 5. Time the mission to see who is the stealthiest ""spy.""",try with tape,y,n
https://www.instagram.com/reels/C15UEsqvb9z/,flying plastic,,https://encrypted-tbn3.gstatic.com/images?q=tbn:ANd9GcQqYGYaVRxhMa1AS5PL1gwR6_AdAVRsDXZ_IaM7WnYNIXrIDg,"Science, Physics","static, Movement","balloon, fake fur, plastic bag, scissors, wooden spoon or stick","cut part of lightweight platic bag into band, rub it with fake fur, rub balloon with fake fur, pick plastic up with something wooden and drop above balloon",,y,n
,bubble snakes,,https://www.unediscoveryvoyager.org.au/wp-content/uploads/2025/02/Bubble-snake.jpg,"Science, Physics",bubbles,"Water, dish soap, anything with one end around the width of a sock and the other small enough to blow through e.g. toilet roll tube or platsic bottle with bottom cut off, anything you can keep bubble solution in plate/tray/mug ","mix washing up liquid with water (experiment with everything from a 1:10 to 1:2 ratio), put sock on one end of tube, dip sock end of tube in bubble mix and blow through the other end.",add a few drops of food colouring to the sock if you want to make rainbow bubble snakes,y,y
,playdoughdinos2,,https://raw.githubusercontent.com/boobalootoo/things/refs/heads/main/EYed/picsforacs/playdoughdinos2.png,"Art, Animals, History","Anatomy, History","Play dough, toy dinosaurs","1. Give the child a lump of play dough. 2. Ask them to ""copy"" a toy dinosaur by modeling one out of dough. 3. Focus on the long neck or the sharp spikes. 4. Discuss how the play dough version is different from the plastic one. 5. This builds observation skills and fine motor control.",,y,y
,playdoughdinos3,,https://raw.githubusercontent.com/boobalootoo/things/refs/heads/main/EYed/picsforacs/playdoughdinos3.png,"Art, Animals, History","Anatomy, History","Play dough, toy dinosaurs","1. Give the child a lump of play dough. 2. Ask them to ""copy"" a toy dinosaur by modeling one out of dough. 3. Focus on the long neck or the sharp spikes. 4. Discuss how the play dough version is different from the plastic one. 5. This builds observation skills and fine motor control.",,y,y
,playdoughdinos4,,https://raw.githubusercontent.com/boobalootoo/things/refs/heads/main/EYed/picsforacs/playdoughdinos4.png,"Art, Animals, History","Anatomy, History","Play dough, toy dinosaurs","1. Give the child a lump of play dough. 2. Ask them to ""copy"" a toy dinosaur by modeling one out of dough. 3. Focus on the long neck or the sharp spikes. 4. Discuss how the play dough version is different from the plastic one. 5. This builds observation skills and fine motor control.",,y,y
,body part placer,,https://i.ebayimg.com/images/g/uI0AAeSwIexpZ5d~/s-l1600.webp,"Science, Biology, Recognition","Anatomy, Observation","Paper, tape, markers","1. Draw a large outline of a person on a roll of paper. 2. Create separate cards with the names or drawings of body parts (elbow, knee, lungs). 3. Have children take turns placing the cards on the correct spot on the outline. 4. Discuss what each part does. 5. Use your own body to ""find"" the parts as you place the cards.","could do layers to show different systems e.g. skeleton, muscles, organs ",y,n
,dinobones,,https://raw.githubusercontent.com/boobalootoo/things/refs/heads/main/EYed/picsforacs/dinobones.png,"Science, Geology, History","Archaeology, Anatomy","white paper straws or lolly sticks, or playdough, or cutting out pieces of paper, scissors, black or brown paper",1. Look at a picture of a dinosaur skeleton. 2. Use whichever art supplies you have on dark paper to recreate the skeleton. 4. Discuss how scientists put real dinosaur bones back together. 5. see if if you can jumble up the parts and put it back together again,,y,n
https://www.instructables.com/Excavation-Kit-educational-DIY-for-Kids/,"Excavation Kit (educational, DIY, for Kids) : 5 Steps (with Pictures) - Instructables","Excavation Kit (educational, DIY, for Kids): A really easy and cheap recipe for young paleontologists: an excavation kit full of surprises. Just take a A4 sized box, plaster of paris, sand, water, some toys to plough under. You'll give the kids hours of fun and learning with only 30 min of pre…",https://content.instructables.com/FY3/ZZ34/K2HKA8Z2/FY3ZZ34K2HKA8Z2.jpg?auto=webp&frame=1&width=2100,"Science, Geology, History","Archaeology, Patience","Plaster of Paris, sand, water, small plastic ""artifacts""","1. Mix sand and plaster with water to create a slurry. 2. Bury small toys or ""fossils"" in the mixture inside a container. 3. Let the block dry completely (usually 24 hours). 4. Provide the ""explorer"" with a brush and a small stick. 5. Carefully chip away the ""rock"" to uncover the treasures inside.",,y,n
https://uk.pinterest.com/pin/2181499815572687/,dino excavation puzzle,,https://i.pinimg.com/736x/27/fd/42/27fd42b2e361e3dc01a1255725431791.jpg,"Science, Geology, History","Archaeology, Patience","cardboard, paint or pens, saltdough or clay, baking paper","make dinosaur bones based on picture, bury, excavate, put back together","see how quickly you can put it back together after jumbling, draw an overlay of what this dino may have looked like when it was alive and talk about the past and present",y,n
https://uk.pinterest.com/pin/68748531587/,mini dino dig,,https://i.pinimg.com/736x/54/75/f5/5475f58e4332e09d492ec639e4b87e9c.jpg,"Science, Geology, History","Archaeology, ","ziploc bag, picture of dino bones,tape,brown food colouring (optional), anything your child might like in a sensory bag e.g. conditioner, soap, shaving foam, sand, coffee grounds, small pebbles","make a sensory bag with anything you want inside the ziploc bag (make sure it is not too full or has too much air to avoid popping, also after zipping the bag fold and tape down), tape the bag to a table or floor with a picture of dino bones underneath, push to see what's under the contents of the bag",,y,n
https://uk.pinterest.com/pin/68749619373/,wobble surfer,,https://i.pinimg.com/736x/fc/41/18/fc411820d3193b17b1d1cb44b305ce22.jpg,"STEM, Physics, Toys","Balance, Center of gravity",,"cut 5 strips of paper, glue or tape 2 into circles. curve 2 other strips into bell curve shapes. glue each end of one of the curved pieces of paper to the remaining flat strip, glue a loop to the top of the curveand the other curved strip on top, followed by the other loop",,y,n
https://uk.pinterest.com/pin/281543726076093/,paper cup acrobat,,https://i.pinimg.com/736x/c5/2e/e6/c52ee6cc2d9e9826fe141ab66458e73d.jpg,"Art, Physics, Engineering","Balance,","Paper cup, string, skewer/chopstick, wire or paperclips, something you can stick the wire through to to act as the acrobat, and something for the feet (could just try bits of blue tac)","put a skewer or chopstick through the bottom of the paper cup and flip it upside down, put a piece of wire through the body to act as the arms, do the same for the legs, curl the ends of the arms around the skewer so it's holding on, attach the feet to the legs",,y,n
https://uk.pinterest.com/pin/1125968743324789/,totter dinos,,https://i.pinimg.com/736x/4e/9d/39/4e9d398a7cbc33665ba11b00afd4a1e5.jpg,"Science, Physics, Animals","Balance, Gravity","paper, scissors, pen/pencil, something to use as a ramp","cut the shape out, fold , set down ramp",,y,n
https://uk.pinterest.com/pin/422281211362344/,cardboard gymnast ,,https://i.pinimg.com/736x/24/1f/3d/241f3d167b17b01469cf5d1c794e7e11.jpg,"STEM, Engineering, Play","Balance, Pivot points","Cardboard, straws, glue, skewer","glue 2 vertical pieces of cardboard to a horizontal base of cardboard. poke a hole near the top of each vertical piece, cut a body out of cardboard and cut the arms out seperately. cut out 3 pieces of straw, glue one to each arm and the body. put a piece of skewer through the straw, glue the other ends of the arms to the long skewer. put the long skewer in the holes. ",,y,n
,balancetree,,https://raw.githubusercontent.com/boobalootoo/things/refs/heads/main/EYed/picsforacs/balancetree.png,"STEM, Math, Engineering","Balance, Precision","Cardboard ""tree"" trunk, lolly sticks (branches)","1. Cut a vertical slits in a cardboard tube. 2. Take turns sliding lolly sticks into the slit. 3. The goal is to keep the ""tree"" balanced as you add more branches. 4. If the tree tips over, the game ends. 5. Discuss how weight distribution affects stability.",write letters on one side of the lolly sticks and letters on the other. start with all the sticks in and try to balance small objects that start with the same letter as on the stick or roll a dice and remove or add the number of sticks on the dice. or you could play it like kerplunk.,y,n
https://www.instructables.com/Stabile-Paper-Sculpture/,Stabile Paper Sculpture : 5 Steps (with Pictures) - Instructables,"Stabile Paper Sculpture: Inspired by artist Alexander Calder, these easy-to-make sculptural pieces provide endless play and creativity for the young art-chitects.",https://content.instructables.com/FZ7/MDM8/K84NL5CC/FZ7MDM8K84NL5CC.jpg?auto=webp&frame=1,"Art, Physics, Sculpture","Balance, Stability, construction","paper,card, or cardboard, scissors",cut out whatever shapes you want and cut slits to slot pieces together,,y,n
https://www.instructables.com/Self-Watering-Terrarium/,Self-Watering Terrarium! : 7 Steps (with Pictures) - Instructables,"Self-Watering Terrarium!: Don't have 4.5 billion years to make a planet? Make your own tiny world on the quick and cheap! After you throw in the basics, cap it off with an ozone, and let life take over. This terrarium is a great quick project to introduce kiddos (and adults,…",https://content.instructables.com/F66/FNV8/IB8J02L7/F66FNV8IB8J02L7.jpg?auto=webp&frame=1,"Science, Nature","Biology, Ecosystems","Recycled tennis ball container with cap (we ask at tennis courts, but other plastic containers will do)
Sand
Potting soil
Water
Seeds (scarlet runner beans and grass seeds are excellent)
Small cup for pouring","add sand  (two finger widths deep),  4 fingers of soil (DO NOT MIX LAYERS), For the big seeds, make a hole with your finger or a pencil, drop it in, and cover it up. A general rule is to bury seeds at a depth approximately half their longest dimension. You can place a second big seed in there, in case the first one doesn't germinate, but make sure to spread them apart. Don't want them competing too much!

For small seeds, you can just sprinkle them on top. For grass, it grows everywhere (that's what it's bred for!), so you can go heavy with this and they're pretty much guaranteed to grow.                                          To begin the self-watering cycle, we're going to add some in slowly. Grab a small cup, and water your terrarium slowly. You can even tilt and pour down the side of the container to minimize impact with the soil. As you pour, if you look down the side, you can see water seeping down to the sand layer. You want to keep pouring until your soil looks like a nice, chocolate cake mix but without pools.

What's exciting is that after you add this water, you never have to water again. That's right, all the water that ends up in our plants is from that initial bit that you added.                                                                if you add too much water try adding more dry soil on top to absorb the extra water, but it will make it harder for your seeds to grow.                                                                                                                                                                                         put the lid on and leave it on (whatever you end up using must be properly sealed or the water will escape)  LEAVE IN A SUNNY SPOT                                                                                                                             ",,y,n
,mini gardens,,https://i.pinimg.com/1200x/2d/bb/28/2dbb28ffea89b83b98ba14a23364a867.jpg,"Nature, Biology, Responsibility","Botany, Observation","Small containers, soil, seeds, tiny decorations","1. Fill a small pot or tray with soil. 2. Plant quick-growing seeds like cress or grass. 3. Add ""fairy garden"" elements like small stones or stick fences. 4. Water the garden gently every day. 5. Observe how the ""landscape"" changes as the plants grow.",,y,n
,growing chia,,"https://static.wixstatic.com/media/b69dc7_99e04619d1aa4c7a9e78556e5612d57f~mv2.jpg/v1/fill/w_568,h_806,al_c,q_85,usm_0.66_1.00_0.01,enc_avif,quality_auto/b69dc7_99e04619d1aa4c7a9e78556e5612d57f~mv2.jpg","Science, Biology","Botany, Observation","Chia seeds, wet paper towel, tray","1. Sprinkle chia seeds onto a damp paper towel in a tray. 2. Place in a sunny spot and keep the towel wet. 3. Watch as the seeds sprout ""green hair"" in just a few days. 4. Discuss what the seeds need to grow (water and light). 5. Measure how tall the ""grass"" grows each day.",you could also try seperating cardboard so it looks like tilled fields . or you could grow them on the surface of a terracotta pot (it will need to be filled with water and in a dish that holds the water),y,y
https://www.youtube.com/shorts/BBOHOApWVa4,simple breathing exercise with cat animation,"I am not endorsing headspce or suggesting you buy a subscription, they have plenty of free child friendly content like this on youtube. ",https://encrypted-tbn1.gstatic.com/images?q=tbn:ANd9GcT2VBrNrJVxEN-WGiq7t19yrhfZyaYKhN0loQkkPn7k2SbJ5A,"Health, Self-regulation","Breath control, Calmness",Cat breathing animation video,"1. Watch the animation of the cat breathing in and out. 2. Have the child match their own breathing to the movement of the cat. 3. Breathe in slowly through the nose as the cat expands, and out through the mouth as it shrinks. 4. Use this as a ""reset"" tool when the child feels frustrated or over-excited. 5. This develops foundational skills for emotional regulation.",there are lots of other short meditations with helpful visuals like this https://www.youtube.com/watch?v=kcf0PVKTV-8&list=PLW8o3_GFoCBNyHSvnKyXe5o5ZiMWd9Iao . they also have slightly longer more narative videos themed around things like sesame street  https://www.youtube.com/watch?v=_mh12qNHbgk&list=PLW8o3_GFoCBNxXveDbD1xSQFBCGrHmYPC or star wars https://www.youtube.com/watch?v=_mh12qNHbgk&list=PLW8o3_GFoCBNxXveDbD1xSQFBCGrHmYPC,y,y
https://uk.pinterest.com/pin/749356825499024534/,fire breathing dragon,,https://i.pinimg.com/736x/0d/86/3c/0d863c676cae4f37167693fea2a84d76.jpg,"Art, Drama, Puppetry","Breath control, Expression","Toilet paper roll, tissue paper, glue, markers","1. Paint a cardboard tube green. 2. Glue googly eyes and pom-poms (nostrils) to one end. 3. Glue long strips of red and orange tissue paper inside the other end. 4. Blow through the eye-end of the tube. 5. Watch the ""fire"" flutter as the dragon breathes.",,y,y
,cork boats,,https://images.squarespace-cdn.com/content/v1/58dce485a5790a44f40dbde6/1626621626785-IL9Y8JF2A55I4AULB1VV/cork%2Bboat.jpg,"STEM, Engineering","Buoyancy, Balance","Corks, rubber bands, toothpicks, paper (for sails)","1. Bundle three corks together using rubber bands to create a raft. 2. Stick a toothpick into the center cork for a mast. 3. Add a small paper sail. 4. Place the boat in a tub of water to see if it floats. 5. Blow on the sail to race it across the ""pond.""",use leaves as the sails,y,n
,egg box boat,,https://i.pinimg.com/736x/3d/42/c3/3d42c3be8aeeaf8b3bc497fd8ebceee4.jpg,"Art, Recycling, Engineering","Buoyancy, Construction","Egg carton, lolly stick/skewer, paper, glue","1. Cut a section of an egg carton to be the ""hull."" 2. Glue a lolly stick vertically into one of the cups. 3. Attach a paper sail to the stick. 4. Paint the boat to look like a pirate ship or a rowboat. 5. Test it in a bowl of water to see if it stays upright.",,y,n
https://www.instructables.com/Duck-Boat-Challenge/,junk modelling duck Boat Challenge,,https://content.instructables.com/FGF/G096/JYCUJH8Z/FGFG096JYCUJH8Z.jpg?auto=webp&frame=1&width=2100,"STEM, Engineering, Water","Buoyancy, Problem solving","Rubber duck, junk, tape or string, coins",1. Build a boat out of junk that can carry a rubber duck. 2. Test stability in water. 3. Add coins to see how much weight it can hold before sinking.,,y,n
https://www.instructables.com/Easy-Magical-Walking-Rainbow-Experiment/,Easy Magical Walking Rainbow Experiment : 5 Steps (with Pictures) - Instructables,"Easy Magical Walking Rainbow Experiment: Have fun while learning a few basic scientific methods!
- color theory: the paper towels pull color from the base red, blue, and yellow primary color cups, the resulting mixture creates the secondary colors of green, purple, and orange, completing t…",https://content.instructables.com/FQF/W5G8/KFL44D9H/FQFW5G8KFL44D9H.jpg?auto=webp&frame=1&width=2100,"Science, Physics, Art","Capillary action, Color mixing","6 clear glasses, water, food coloring (Red, Yellow, Blue), paper towels","1. Fill three glasses with water and add Red, Yellow, and Blue dye. 2. Place an empty glass between each colored glass in a circle. 3. Fold paper towels into strips. 4. Bridge the glasses with the towels (one end in colored water, one in empty glass). 5. The water will ""walk"" up the towels and mix in the empty glasses to create Green, Orange, and Purple.",,y,n
https://fr.pinterest.com/pin/318840848637523599/,daisy bloom,,https://raw.githubusercontent.com/boobalootoo/things/refs/heads/main/EYed/picsforacs/daisybloom.png,"Science, Biology, Botany","Capillary action, Observation","Paper, markers, water, spray bottle, scissors","1. Draw a daisy on paper and color it. 2. Fold the petals into the center to create a ""bud."" 3. gently mist the petals with water. 4. Watch as the paper absorbs water and the flower ""blooms"" open. 5. Discuss how real flowers need water to open their petals.",,y,n
,shapesort,,https://raw.githubusercontent.com/boobalootoo/things/refs/heads/main/EYed/picsforacs/shapesort.png,"Math, Sorting, Recognition","Categorization, Geometry","tape, paper, scissors","cut shapes out of paper and tape the same shapes on the floor, see how quickly your child can sort the paper shapes into the same tape shapes",,y,y
,sink or float catogorising,,https://raw.githubusercontent.com/boobalootoo/things/refs/heads/main/EYed/picsforacs/catogorising4.png,"Literacy, Recognition, Logic","Categorization, Language","random collection of items, tub of water","predict whether items will sink or float, test it, discuss why this might be",,y,y
,shopmatch,,,"Recognition, Social Skills","Categorization, Logic","Toy food, shelf","1. Set out a shelf with different ""departments"" (e.g., Fruit, Bakery). 2. Have the child place the toy food in the correct section. 3. Discuss why milk goes in the fridge and bread on the shelf. 4. This develops categorization skills and environmental awareness. 5. Roleplay being the shopkeeper.",,y,n
https://uk.pinterest.com/pin/281543726076092/,balance bird,,https://i.pinimg.com/736x/43/7d/9e/437d9e43df460355b944be171b5feb82.jpg,"Science, Physics, Animals","Center of gravity, Balance","toothpicks, clay or bluetac","1. model a round bird around a toothpick, ensuring the ""beak"" is a sharp point. 2. put 2 more toothpicks into the body and little feet at the ends. 3. Place the beak of the bird on the tip of your finger or pencil.  ",,y,n
https://uk.pinterest.com/pin/2955556002352118/,butterfly spinner,,https://i.pinimg.com/736x/36/f2/bf/36f2bf7cd1c57264e7c27e93ea4d82c1.jpg,"Art, Nature, Physics", Motion,"Cardstock, lollysticks, scissors, string, tape",1. Cut a butterfly shape out of cardstock. 2. Decorate both sides with vibrant colors. 3. make a frame out of lollysticks 4. put a string down the middle of the frame 5. tape the butterfly to the string.,,y,n
,dino eggs,,https://i.pinimg.com/736x/d1/47/e9/d147e9787735b5e0f99d93f86dea8a54.jpg,"Science, Biology, Animals","Change, Life cycles","salt,sand, coffee grounds, flour, toy dinosaur","1. Place a tiny dinosaur inside the mixture. 2.leave to dry for a few days. 3. The ""egg"" must be ""hatched"" to find the dinosaur. 4. Discuss how dinosaurs laid eggs like birds. 5. Use the dinosaurs for imaginative play.",,y,n
https://uk.pinterest.com/pin/1128011037921665152/,egghatch,,https://raw.githubusercontent.com/boobalootoo/things/refs/heads/main/EYed/picsforacs/egghatch.png,"Science, Biology, Animals","Change, Life cycles","paper, glue, pen","draw or print out some pictures of animals that come from eggs, do an egg ouline with glue, place another piece of plain paper on top with the egg outline on it, tear the paper to hatch the eggs",,y,n
,reverse colouring book,,,Art,"Change, Observation","Pre-drawn picture, markers","1. Provide a ""reverse coloring book"" where the *colors* are already on the page but the *lines* are missing. 2. Have the child draw the outlines and details over the color splotches. 3. Discuss what they think each color should be (e.g., ""This blue blob looks like a pond""). 4. This encourages creative interpretation of shapes. 5. Use black fineliners for the best effect.","you could get some watercolours to do the backgrounds yourself, icluding creative painting techniques like splotches or splashes",y,n
https://savorysplash.com/diy-salt-volcano-science-experiment-for-kids-and-curious-adults/?fbclid=IwQ0xDSwK1FnFleHRuA2FlbQIxMQABHkHLsWB5hlDLBh06jP6LXTdAFzrOn5m0kqdqv2R5vJDBVYp9cUnRnQluhZM2_aem_RxSfBjw2wiiYMvIAvttJYQ#google_vignette,salt volcano,,https://savorysplash.com/wp-content/uploads/2025/06/WhatsApp-Image-2025-06-09-a-09.26.16_103ea61d.jpg,"Science, Chemistry","Chemical reactions, Observation","Salt, food coloring, water, oil, jar, spoon","1. Add the Water
Pour 1 cup of water into your clear jar or glass. This is the base layer of your volcano.
2. Add Food Coloring (Optional)
Want a fiery eruption or an underwater lava flow? Add 2–3 drops of food coloring and stir gently. 3. Pour in the Oil
Slowly pour ¼ cup of vegetable oil into the jar. The oil will float on top of the water—don’t mix them!
4. Sprinkle in the Salt
Now comes the fun! Gently sprinkle a spoonful of salt on top of the oil. Watch as it sinks, pulling blobs of oil down and creating bubbly, erupting effects as it rises again. 5. Repeat and Enjoy
Keep adding salt in small amounts to continue the eruptions. Try different types or amounts to change the effect!

",,y,n
,invisible ink,REMEMBER: TUMERIC STAINS VERY EASILY,https://i.pinimg.com/736x/c4/8a/4c/c48a4cdcb83f71aa2c31d179440af796.jpg,"Science, Chemistry, Art","Chemical reactions, Secret messages","water (1/2 cup)
baking soda (1 Tablespoon)
paper
q-tips (or a paintbrush) to apply invisible ink
rubbing alcohol (1/2 cup)
turmeric (1 teaspoon)
paper towels (or a paintbrush) to apply color-changing solution","1. First, add 1 Tablespoon of baking soda to 1/2 cup of water.

2. Stir the baking soda into the water to make the “invisible ink”.

3. Use q-tips (or paintbrushes) to draw a picture with the invisible ink on paper.

4. While you are waiting for your paper to dry, mix up your color changing-solution. First, add 1 teaspoon of turmeric to 1/2 cup of rubbing alcohol.

5. Stir the turmeric into the rubbing alcohol. (Note: The solution can stain a little bit. I used a white plastic bowl, which was not the smartest, because it was a little difficult to clean afterwards. You might want to use a glass bowl.)

6. After the paper is dry, use a paper towel (or paintbrush) to apply the color-changing solution to the paper to reveal the secret message! (Note: We used paper towels, but our hands were all a little orange for a few hours afterward, so you might want to use a paintbrush instead!)",,y,n
,DIY chalk paint,,,"Art, Science","Chemistry, Creativity","Chalk, water, cornstarch",1. Crush chalk into a powder and mix with a little water ,,y,y
https://www.instructables.com/No-More-Tears-Watercolor-Crayon-Resist/,No More Tears Watercolor: Crayon Resist : 7 Steps (with Pictures) - Instructables,"No More Tears Watercolor: Crayon Resist: If you've ever given a young child a set of watercolors, you know that they aren't as simple to work with as the craft aisle may have you believe. Watercolors are on just about every elementary student's school supply list, but every time they paint…",https://content.instructables.com/F8X/UHBW/IDQBS9Y9/F8XUHBWIDQBS9Y9.jpg?auto=webp&frame=1,"Art, Science","Chemistry, Hydrophobicity","White crayons, watercolor paper, watercolor paint, brushes","1. Draw a ""hidden"" picture or message on white paper using a white crayon (it will be hard to see). 2. Paint over the entire paper with watercolors. 3. The wax from the crayon will ""resist"" the water-based paint, causing your drawing to pop out.",,y,n
,catogorising soft or hard,,https://raw.githubusercontent.com/boobalootoo/things/refs/heads/main/EYed/picsforacs/catogorising3.png,Sorting,"Classification,",random assortment if items,"sort items into soft and hard piles, see if they can tell about some things just by looking",,y,n
,habitatmatch,,https://raw.githubusercontent.com/boobalootoo/things/refs/heads/main/EYed/picsforacs/habitatmatch.png,"Science, Biology, Animals","Classification, Ecology","Animal cards, habitat cards (Jungle, Arctic, Desert)","1. Lay out the different habitat cards. 2. Provide a bin of animal figures or cards. 3. Match each animal to its correct ""home."" 4. Discuss why a polar bear needs ice or a camel needs sand. 5. This builds an early understanding of environmental science.",draw the habitats and animal cards yourself ,y,n
,habitats,,https://raw.githubusercontent.com/boobalootoo/things/refs/heads/main/EYed/picsforacs/habitats.png,"Science, Biology, Animals","Classification, Ecology","Toy animals, natural materials (sand, water, leaves)","1. Create mini-habitats using sensory bins (e.g., a bin with sand for the desert). 2. Place the correct toy animals in each bin. 3. Discuss what each animal eats and where it sleeps. 4. Move the animals between bins and discuss why they might not survive there. 5. This is great for open-ended imaginative play.",,y,n
,nocturnalanimals,,https://raw.githubusercontent.com/boobalootoo/things/refs/heads/main/EYed/picsforacs/nocturnalanimals.png,"Science, Biology, Animals","Classification, Ecology","Dark paper, white marker, nocturnal animal toys","1. Discuss animals that are awake at night (Owls, Bats, Foxes). 2. Create a ""night"" scene on dark paper. 3. Place the nocturnal animals in the scene. 4. Discuss how they see in the dark (big eyes, sonar). 5. This builds an understanding of biological rhythms.","put an animal between a piece of paper and light source and guess which one it is. Or stick animal pictures to black paper and cut out and stick to white of yellow paper, shine a light to see the shape of the animal, guess what it is and turn over to reveal.",y,n
,playdoughdinos,,https://raw.githubusercontent.com/boobalootoo/things/refs/heads/main/EYed/picsforacs/playdoughdinos.png,"Art, Animals, Science","Classification, History","Play dough, toy dinosaurs, stones","1. Create a ""prehistoric world"" using play dough and stones. 2. Place dinosaurs in the scene. 3. Press the dinosaurs into the dough to make tracks. 4. Discuss what dinosaurs might have eaten. 5. Use the scene for imaginative play.","draw or print dinosaur pictures, put in slippery fish and use as playdough mats to see if you can make that dino out of play dough.",y,y
,catogorising hot and cold,,https://raw.githubusercontent.com/boobalootoo/things/refs/heads/main/EYed/picsforacs/catogorising.png,"Science, Logic, Recognition","Classification, Observation",toys or pictures of things that are hot or cold,"sort items into cold and hot piles, see what their reasoning is",,y,n
,Materials game: ,"write a material on a sticky pad and ask the kids to stick it on something made of that material. Or if outside say to go touch something, inside ask them to bring something made of that material",,"Science, Logic","Classification, Observation","Sticky notes, markers","1. Write a material name (e.g., ""Wood,"" ""Plastic,"" ""Metal"") on a sticky note. 2. Have the child go around the house and stick the note on something made of that material. 3. If outside, play a ""Touch Game""—say ""Go touch something made of stone!"" 4. Discuss how each material feels (cold, hard, smooth). 5. This builds an early understanding of material properties.",,y,y
,vehicle place,,https://raw.githubusercontent.com/boobalootoo/things/refs/heads/main/EYed/picsforacs/vehicleplace.png,"Social Studies, Logic","Classification, Recognition","Play mat with roads/water/sky, toy vehicles","1. Provide a mat or drawing showing land, sea, and air. 2. Give the child a variety of toy vehicles (boat, car, plane). 3. Have the child ""place"" each vehicle in its correct environment. 4. Discuss why a bus stays on the road and a boat stays in the water. 5. Roleplay a long journey using all three types of transport.",,y,n
https://www.instructables.com/Preschool-Art-Lesson-Kandinskys-Circles/,Preschool Art Lesson: Kandinsky's Circles : 6 Steps (with Pictures) - Instructables,"Preschool Art Lesson: Kandinsky's Circles: Your child can make an easy, colorful, and fun painting inspired by Wassily Kandinsky's well-known painting Color Study: Squares with Concentric Circles. This project is best suited for ages 3 through 5. Children may need help with measuring or fold…",https://content.instructables.com/FHN/YSYS/KFPNLIVQ/FHNYSYSKFPNLIVQ.jpg?auto=webp&frame=1&width=2100,"Art, Art History, Early Childhood","Color exploration, Fine motor","Paper divided into squares, oil pastels","1. In each square, draw a small circle in the center. 2. Draw larger concentric circles around it in different colors. 3. Fill the whole grid with colorful circles like Kandinsky.",,y,y
,lolly stick colour match dominos ,,https://i.pinimg.com/736x/e1/e4/7e/e1e47e2e0d840743ecc66e646e426584.jpg,"Math, Games, Recognition","Color matching, Logic","Lolly sticks, markers","1. Paint the ends of lolly sticks in different colors (e.g., half red, half blue). 2. Take turns placing a stick down, but only if the color matches the end of the previous stick. 3. This is a simplified version of dominos. 4. See how long of a ""train"" you can build. 5. Discuss the strategy of saving certain colors for later.",,y,n
,buttoncolours,,https://raw.githubusercontent.com/boobalootoo/things/refs/heads/main/EYed/picsforacs/buttoncolours.png,"Math, Sorting, Recognition","Color matching, Logic","differnt coloured buttons, different coloured fabrics ","sew buttons onto piece of fabric, cut out other pieces of fabric that match the colours of the buttons, see how quickly they can identify the matching pairs and button them on.",,,
,colourfeeders,,https://raw.githubusercontent.com/boobalootoo/things/refs/heads/main/EYed/picsforacs/colourfeeders.png,"Math, Sorting, Animals","Color matching, Precision","Colored cardboard tubes, matching colored pom-poms","1. Decorate cardboard tubes as ""monsters"" or ""animals"" of different colors. 2. Cut a ""mouth"" in each tube. 3. Have the child use a spoon or tweezers to ""feed"" the matching colored pom-poms to each animal. 4. Count how many pom-poms each animal ate. 5. Discuss which color was the most popular.","print out coloured characters and coloured foods, discuss which foods are which colours and the childs preferences.",y,n
,jarcolourmatch,,https://raw.githubusercontent.com/boobalootoo/things/refs/heads/main/EYed/picsforacs/jarcolourmatch.png,"Math, Sorting, Recognition","Color matching, Precision","Glass jars, colored water, matching lids or items","1. Fill jars with water dyed different colors. 2. Provide a bin of small items (beads, buttons) that match those colors. 3. Have the child drop the matching items into the correct colored jar. 4. Discuss how the items look under the water. 5. This is a calm, focused sensory activity.",see how different coloured items look in different coloured water,y,n
,tape colour match,,https://raw.githubusercontent.com/boobalootoo/things/refs/heads/main/EYed/picsforacs/tapecolourmatch.png,"Math, Sorting","Color matching, Recognition","Different colors of tape, matching colored toys",1. Place strips of different colored tape on a table or floor. 2. Have the child find objects in the house that match each tape color. 3. Place the objects on the corresponding tape line. 4. Count how many items were found for each color. 5. Discuss which color was the easiest to find.,,y,n
,sticky note rainbow hunt,"make a line of 1 each of different coloured sticky notes somewhere and hide 4 more of each colour on something around the house, once they have found one they put it under the one in the row",https://github.com/boobalootoo/things/blob/main/EYed/picsforacs/stickynoterainbowhunt.jpg?raw=true,"Games, Movement, Recognition","Color matching, Scanning",Multi-colored sticky notes,"1. Place one ""base"" sticky note of each color in a row on a wall. 2. Hide 4-5 matching sticky notes of each color around the room. 3. The child must find a hidden note and ""match"" it by placing it underneath the base note. 4. Continue until all columns are filled. 5. Time the activity to add a challenge.",,y,n
,colour smashing under clingfilm,,https://i.pinimg.com/736x/11/16/80/1116805dd08dcfb95b08f48d72a8dd2b.jpg,"Art, Sensory, Chemistry","Color mixing, Cause and effect","Paper, liquid paint, clingfilm (plastic wrap)","1. Place several drops of different colored paint on a piece of paper. 2. Carefully cover the entire paper with a layer of clingfilm. 3. Have the child ""smash"" and spread the paint through the plastic with their fingers. 4. Observe the colors blending without getting hands messy. 5. Peel back the film to see the final textured masterpiece.",after it's dry add black paper cutouts as shadows if you want. the art created in the activity could also be used as a reverse colouring book.,y,n
https://www.instructables.com/Color-Photo-Breakdown-and-Build-Up-Exploring-the-R/,Color Photo Breakdown and Build Up - Exploring the REAL Primary Colors : 6 Steps (with Pictures) - Instructables,Color Photo Breakdown and Build Up - Exploring the REAL Primary Colors: Have you ever wondered how the colored inks in your printer work together to create a full color photograph? Follow along as we show you how to decompose a full color photograph into the primary colors of ink and then recompose the full color image …,https://content.instructables.com/FMX/0IMM/KYV92W6I/FMX0IMMKYV92W6I.jpg?auto=webp&frame=1&width=2100,"Art, Science, Light","Color theory, Observation","computer,printer, transparency paper","print pictures split into cyan, magenta and blue, onto transparency paper, cut them out and experiment with overlaying them with each other",,y,n
,coloursampleart,,https://raw.githubusercontent.com/boobalootoo/things/refs/heads/main/EYed/picsforacs/coloursampleart.png,"Art, Recycling, Design","Color theory, Texture","Paint sample cards (from hardware store), glue, paper","1. Collect a variety of paint sample cards in different hues. 2. Cut the cards into shapes or strips. 3. Glue the pieces onto paper to create a ""gradient"" artwork or a mosaic. 4. Arrange colors from lightest to darkest. 5. Discuss the names of the different colors (e.g., ""Sky Blue"" vs ""Navy"").","you don't have to glue down the pieces, it can be reusable temporary art",y,n
,runaround game show quiz,,,"Social Studies, Literacy","Communication, Confidence",Runaround Game Show format,"ask a multiple choice question, the children have 15 seconds to run to a designated spot that represents one of the answers, the question is repeated and they have another 15 seconds if they want to change their minds, the answer is revealed","do after learning something or reading a book to see what they've retained, it's a good way to get  a movement break in",y,y
,karaoke ,find karaoke versions of your childs favurite songs on youtube,,"Social Skills, Literacy","Communication, Confidence",YouTube Karaoke videos,"1. Find the ""karaoke"" or ""instrumental with lyrics"" version of a favorite song. 2. Use a hairbrush as a microphone. 3. Sing along to the music. 4. This builds confidence in performance and helps with word recognition. 5. Discuss the ""story"" being told in the song.",,y,n
,talking pirates,,https://i.pinimg.com/736x/52/3f/04/523f0456eba27674c9bafa5b00830a96.jpg,"Art, Drama, Puppetry","Communication, Expression, fine motor","paper, pens, pegs","draw a pirate, cut off the head from the top lip, glue this part to the top side of a peg and the rest to the bottom, pinch the pegs to  open the mouth and release to close",do with any kind of character you want ,y,n
https://www.instructables.com/Kinderkid-Pride/,Kinderkid Pride : 3 Steps (with Pictures) - Instructables,"Kinderkid Pride: While celebrating PRIDE month my 4/5-year-olds had the opportunity to paint their favorite thing....A RAINBOW.
After painting the basic rainbow we added a little extra detail in each section with another shade or tint of the first color used. The ch…",https://content.instructables.com/FQJ/QC8T/KPGWR1WX/FQJQC8TKPGWR1WX.png?auto=webp&frame=1,"Social Studies, Art, Inclusion","Community, Creativity","Paper, rainbows, symbols of kindness/pride",paint a rainbow and fill in each colour with a different kind of pattern,draw something that is that colour in its area e.g. a sun in yellow or a different fruit for each colour,y,n
https://sussexwildlifetrust.org.uk/whats-on,sussex wildlife trust events,,https://encrypted-tbn2.gstatic.com/images?q=tbn:ANd9GcQQW8_jQF7PVhhfJzq-DRmSqHGNYbnybrUJl-N-XAdKT0sCdQ,"Nature, Science","Community, Discovery",Sussex Wildlife Trust website,"1. Check the website for local nature events, workshops, and guided walks. 2. Plan a visit to a nearby reserve based on their suggestions. 3. Participate in a ""Wild Beach"" or ""Forest School"" session if available. 4. Use their seasonal guides to know what to look for in nature this month. 5. This connects your family to local conservation efforts.",,y,n
https://uk.pinterest.com/pin/1125968712109363/,who's in the window?,,https://i.pinimg.com/736x/99/f4/fe/99f4fe958a5f6b610fd6e22d134f7d9f.jpg,"Social Studies, Art, Literacy","Community, Imagination","paper cups, scissors, pens","cut a window out of a paper cup and decorate the cup like a house, get another paper cup and put it inside the first one, use the window as a stencil and draw it on the inner cup, turn the inner cup so the next window can follow on directly from that one, do windows until you run out of space, draw whatever characters you want in the windows and turn the cup to see the others",could be used for storytelling when something happens in a certain order e.g. gruffalo characters,y,n
https://uk.pinterest.com/pin/1111615120501819394/,tortoise and hare racers,,https://i.pinimg.com/736x/38/fb/19/38fb19fac31e88e612b98299c47bad54.jpg,"Games, Animals, Speed","Comparison, Observation","Paper, markers, string, straws, glue or tape","draw a tortoise and hare, stick 2 pieces of a straw to each in a v shape (but leave a gap between the closer ends), thread a piece of string through one of the pieces of the straw (towards the pointed end) and back through the other piece of straw (from the pointed end), have a child hold the 2 ends of the string and bring the character all the way to their hands, take the loop of string and put it around a doorknob, have the child pull the string outwards to make the character move up the string. If you have multiple children they can race each other.",could be any characters or animals  or vehicles you want,y,n
https://uk.pinterest.com/pin/211174978784422/,big beaks,,https://i.pinimg.com/736x/85/cc/e1/85cce16d5c8ad868a3d92a6a62593393.jpg,"Art, Animals, Perspective","Construction, 3D Design","2 sheets of A3 paper, glue, scissors, string or elastic","follow folding instructions on picture, poke holes for string or elastic to put around ears",,y,n
,egg box crocodile,,https://i.pinimg.com/1200x/b8/33/05/b83305ee9441ced55be064308da815ec.jpg,"Art, Recycling, Animals","Construction, Design","egg cartons, green paint, string, scissors","cut all the long pointy bits of hte egg carton out  and poke a small hole in the top of each one, connect 2 facing opposite directions with string and stack the rest following the direction of the first one on that side. tie string at ends to hold it all together and add feet.",for a snake just do them all going in the same direction and leave more slack if you want it to be more wiggly.,y,n
,paper plate chickens,,https://i.pinimg.com/736x/8c/c0/2f/8cc02fe92e6d7916e8fc4806e6dac5fb.jpg,"Art, Animals, Recycling","Construction, Design","Paper plate, yellow paint, feathers, paper","1. Paint a paper plate yellow and fold it in half. 2. Glue googly eyes and a paper beak to the front. 3. Glue yellow feathers to the back for a tail. 4. Add orange paper ""feet"" at the bottom.",,y,n
,egg box turtle,,https://i.pinimg.com/736x/a9/39/2c/a9392ca4ed87dc4d892fbd02b4546406.jpg,"Art, Recycling, Animals","Construction, Design","Egg carton, green paint, markers, scissors",cut out turtle shape as shown in picture,,y,n
,egg box toadstools,,https://i.pinimg.com/736x/c0/68/fa/c068facc5b72fb09223ee0384f4c3d55.jpg,"Art, Recycling, Nature","Construction, Design","Egg carton, red and white paint","1. Cut individual cups out of an egg carton. 2. Paint the cups bright red. 3. Once dry, add white ""polka dots"" with a cotton swab. 4. put small rount bits on tall pointy bits","could make a game of trying to toss the ""hat"" on the base",y,n
https://www.instructables.com/Cardboard-and-Velcro-Building-Tiles/,Cardboard and Velcro Building Tiles : 7 Steps (with Pictures) - Instructables,"Cardboard and Velcro Building Tiles: These cardboard Velcero Building Tiles are wonderful for so many reasons. Unlike Magna-Tiles, they don't come crashing down as easily and loudly, which is great news for my classroom. Also because they are held together with Velcro, you can create a…",https://content.instructables.com/FK1/OT9A/KFL45YK9/FK1OT9AKFL45YK9.jpg?auto=webp&frame=1,"STEM, Engineering, Toys","Construction, Geometry","Cardboard shapes, Velcro dots","1. Cut cardboard into squares and triangles. 2. Apply ""hook"" dots to one side and ""loop"" dots to the other. 3. Connect the tiles together to build 3D geometric structures.",could try different types of fasteners e.g. popper buttons or magnets,y,n
,dino headdress ,,https://i.pinimg.com/736x/41/9f/61/419f61ec8d4bb022689f16837904ed2e.jpg,"Art, Drama, Animals","Construction, Imagination","Cardboard, green paint, elastic","1. Cut several large triangles out of cardboard. 2. Paint them green. 3. Tape the triangles to a strip of cardboard that fits around the head. 4. Ensure the ""spikes"" stand up straight. 5. Wear the headdress and stomp around like a dinosaur.",,y,n
,toilet roll racecar,,https://i.pinimg.com/736x/00/16/58/00165895281bd5697dae7d24d2442565.jpg,"Art, Recycling, Engineering","Construction, Movement","Toilet paper roll, 4 bottle caps, straws, skewers","1. Paint a toilet paper roll your favorite racing color. 2. Poke two holes through the sides of the roll at the front and back. 3. Slide straws through the holes, then skewers through the straws. 4. Attach bottle caps to the ends of the skewers as wheels. 5. Cut a small ""U"" shape in the top for a cockpit and add a paper driver.",,y,n
,egg box teddy bears,,https://i.pinimg.com/1200x/08/59/fe/0859fe9de04b317072bbe631719aeb65.jpg,"Art, Recycling, Animals","Construction, Texture","Egg carton, paint/pens",cut out bear shape as shown in picture,,y,n
,paper plate seagulls,,https://i.pinimg.com/1200x/da/f6/ec/daf6ecaeb6cd96f10a33a9d4706ce797.jpg,"Art, Recycling, Animals","Construction, Texture","Paper plate, blue/gray paint, yellow paper","cut body shape out of centre of plate, use the other 2 sides as wings, decorate and position",use split pins or string/treasury tags to make flappable wings,y,n
,building foam,,,"STEM, Engineering, Art","Construction, Texture","Shaving cream, glue, cardstock","1. Mix shaving cream and glue to create ""foam."" 2. Use the foam to build 3D structures on cardstock. 3. Once dry, the foam remains ""puffy"" and soft. 4. Add food coloring to create colorful ""buildings."" 5. This is a great sensory-heavy construction project.",,y,n
https://uk.pinterest.com/pin/844493675486483/,construction foam,,https://i.pinimg.com/736x/da/64/cb/da64cb5343f3bf23865c90811f7c60fa.jpg,"STEM, Engineering, messy play, outdoor","Construction, Texture","shaving cream, sand",mix them together and use as mortar for play bricks,,y,n
https://uk.pinterest.com/pin/3307399722173743/,paper cup shark snacker,,https://i.pinimg.com/736x/ba/39/c8/ba39c8d4e0e359f645cc33bb17dbc06d.jpg,"Art, Games, Recycling","art, ","Paper cups, scissors, pens","cut a window out of a paper cup and draw a sharks open mouth around it, get another paper cup and put it inside the first one, use the window as a stencil and draw it on the inner cup, turn the inner cup so the next window can follow on directly from that one, do windows until you run out of space, draw whatever the shark will eat in the windows and turn the cup to see the others",,y,n
https://uk.pinterest.com/pin/68749443578/,pen push,,https://i.pinimg.com/736x/0a/36/d4/0a36d44b0fe28e54d3ea1f03576c6f6e.jpg,"fine motor, pen grip, mark making","Coordination, Force, fine motor, pen grip, mark making","paper, pens/pencils, any small item","put a small object on a piece of paper and get the child to try to move it around using their pen/pencil, you could give them a goal to get to or you could do it with little cars and draw parking spots to get to",,y,n
https://uk.pinterest.com/pin/16466354876885459/,walking feet,,https://i.pinimg.com/736x/2c/97/72/2c9772661037c9902cb25dde0d25af29.jpg,"toy, Movement, Balance","fine motor, construction ","Paper, scissors, tape, straws or skewers","cut 2 feet shapes out of paper, attach each to a bit of straw or skewer and stick on opposite sides of the inside of a roll of tape",,y,n
,walk the plank,,https://i.pinimg.com/736x/c0/cf/c8/c0cfc8ad1dbd0e1cc4566adbaccb1fc6.jpg,"Physical Ed, Movement, Balance","Coordination, Gross motor",Long wooden plank or tape on the floor,"1. Place a plank on the ground (or use tape to mark a line). 2. Imagine you are on a pirate ship. 3. Walk from one end to the other without stepping off the ""plank."" ",,y,n
,treasure bridge,,,"Physical Ed, Movement, Balance","Coordination, Gross motor","Tape on floor, ""treasures"" (blocks)","1. Place two lines of tape on the floor as a ""bridge."" 2. Scatter ""treasures"" along the bridge. 3. The child must walk the bridge and pick up the treasures without falling off. 4. Increase the difficulty by making the bridge narrower. 5. See how many treasures they can carry at once.",,y,n
https://uk.pinterest.com/pin/563018699436795/,bridge balance,,https://i.pinimg.com/736x/e8/f8/84/e8f884571098b1288530ed14dcbee610.jpg,"Physical Ed, Movement, Balance","Coordination, fine motor","tape, block (or car for added difficulty), 2 things the same height to build tape bridge across (like tables or chairs), pen/pencil/stick",make a bridge with the tape (sticky side down) and see if your child can push a block all the way across without it falling off (try with finger first and then move on to pushing with a different item like a pen),,y,n