Show,Specific Production,Album,BPM,Length,Song,YouTube Link,Video Title,Playlist Name
Hamilton,Original Broadway,Hamilton (OBCR),132,3:56,Alexander Hamilton,https://www.youtube.com/watch?v=cuyMAneJqms,"""Alexander Hamilton"" from HAMILTON",HAMILTON - Original Broadway Cast Album
Hamilton,Original Broadway,Hamilton (OBCR),74,2:36,"Aaron Burr, Sir",https://www.youtube.com/watch?v=C6GFb7FIB0Y,"""Aaron Burr, Sir"" from HAMILTON",HAMILTON - Original Broadway Cast Album
Hamilton,Original Broadway,Hamilton (OBCR),91,5:33,My Shot,https://www.youtube.com/watch?v=lZ4UmlFNdSI,"""My Shot"" from HAMILTON",HAMILTON - Original Broadway Cast Album
Hamilton,Original Broadway,Hamilton (OBCR),150,1:31,The Story of Tonight,https://www.youtube.com/watch?v=Q-YIAOUpCrg,"""The Story of Tonight"" from HAMILTON",HAMILTON - Original Broadway Cast Album
Hamilton,Original Broadway,Hamilton (OBCR),124,3:06,The Schuyler Sisters,https://www.youtube.com/watch?v=8da1KdwgwFE,"""The Schuyler Sisters"" from HAMILTON",HAMILTON - Original Broadway Cast Album
Hamilton,Original Broadway,Hamilton (OBCR),96,1:52,Farmer Refuted,https://www.youtube.com/watch?v=ZftZd0HUP9I,"""Farmer Refuted"" from HAMILTON",HAMILTON - Original Broadway Cast Album
Hamilton,Original Broadway,Hamilton (OBCR),122,3:28,You'll Be Back,https://www.youtube.com/watch?v=PyD6jeDBoDo,"""You'll Be Back"" from HAMILTON",HAMILTON - Original Broadway Cast Album
Hamilton,Original Broadway,Hamilton (OBCR),86,5:21,Right Hand Man,https://www.youtube.com/watch?v=krWqyRlH23Y,"""Right Hand Man"" from HAMILTON",HAMILTON - Original Broadway Cast Album
Hamilton,Original Broadway,Hamilton (OBCR),120,1:09,A Winter's Ball,https://www.youtube.com/watch?v=xgsiEnm8GUo,"""A Winter's Ball"" from HAMILTON",HAMILTON - Original Broadway Cast Album
Hamilton,Original Broadway,Hamilton (OBCR),77,4:09,Helpless,https://www.youtube.com/watch?v=0OlrtMfd_x8,"""Helpless"" from HAMILTON",HAMILTON - Original Broadway Cast Album
Hamilton,Original Broadway,Hamilton (OBCR),124,5:29,Satisfied,https://www.youtube.com/watch?v=YCxxWli-gkA,"""Satisfied"" from HAMILTON",HAMILTON - Original Broadway Cast Album
Hamilton,Original Broadway,Hamilton (OBCR),120,1:55,The Story of Tonight (Reprise),https://www.youtube.com/watch?v=hz1kEIn8cXo,"""The Story of Tonight - Reprise"" from HAMILTON",HAMILTON - Original Broadway Cast Album
Hamilton,Original Broadway,Hamilton (OBCR),92,3:13,Wait For It,https://www.youtube.com/watch?v=vZH8TyHUzRQ,"""Wait for It"" from HAMILTON",HAMILTON - Original Broadway Cast Album
Hamilton,Original Broadway,Hamilton (OBCR),122,2:39,Stay Alive,https://www.youtube.com/watch?v=77QGXmEHFlM,"""Stay Alive"" from HAMILTON",HAMILTON - Original Broadway Cast Album
Hamilton,Original Broadway,Hamilton (OBCR),94,1:46,Ten Duel Commandments,https://www.youtube.com/watch?v=uq4A7iqjBRk,"""Ten Duel Commandments"" from HAMILTON",HAMILTON - Original Broadway Cast Album
Hamilton,Original Broadway,Hamilton (OBCR),120,1:23,Meet Me Inside,https://www.youtube.com/watch?v=qGsyM9XQP9Y,"""Meet Me Inside"" from HAMILTON",HAMILTON - Original Broadway Cast Album
Hamilton,Original Broadway,Hamilton (OBCR),68,2:58,That Would Be Enough,https://www.youtube.com/watch?v=Ryh_LrPz9wI,"""That Would Be Enough"" from HAMILTON",HAMILTON - Original Broadway Cast Album
Hamilton,Original Broadway,Hamilton (OBCR),112,2:07,Guns and Ships,https://www.youtube.com/watch?v=JDL6R2KS3xg,"""Guns and Ships"" from HAMILTON",HAMILTON - Original Broadway Cast Album
Hamilton,Original Broadway,Hamilton (OBCR),82,1:37,History Has Its Eyes on You,https://www.youtube.com/watch?v=3l3GHsHYk3o,"""History Has Its Eyes on You"" from HAMILTON",HAMILTON - Original Broadway Cast Album
Hamilton,Original Broadway,Hamilton (OBCR),128,4:02,Yorktown (The World Turned Upside Down),https://www.youtube.com/watch?v=41qJIfzaqlM,"""Yorktown (The World Turned Upside Down)"" from HAMILTON",HAMILTON - Original Broadway Cast Album
Hamilton,Original Broadway,Hamilton (OBCR),122,1:39,What Comes Next?,https://www.youtube.com/watch?v=4ADYSLVwxvA,"""What Comes Next?"" from HAMILTON",HAMILTON - Original Broadway Cast Album
Hamilton,Original Broadway,Hamilton (OBCR),76,3:04,Dear Theodosia,https://www.youtube.com/watch?v=PGx7Fx3KyYk,"""Dear Theodosia"" from HAMILTON",HAMILTON - Original Broadway Cast Album
Hamilton,Original Broadway,Hamilton (OBCR),102,6:25,Non-Stop,https://www.youtube.com/watch?v=vYbdQAeO0vo,"""Non-Stop"" from HAMILTON",HAMILTON - Original Broadway Cast Album
Hamilton,Original Broadway,Hamilton (OBCR),108,3:56,What'd I Miss,https://www.youtube.com/watch?v=gEXV60TZ144,"""What'd I Miss"" from HAMILTON",HAMILTON - Original Broadway Cast Album
Hamilton,Original Broadway,Hamilton (OBCR),96,3:35,Cabinet Battle #1,https://www.youtube.com/watch?v=TZ1drFwVT24,"""Cabinet Battle #1"" from HAMILTON",HAMILTON - Original Broadway Cast Album
Hamilton,Original Broadway,Hamilton (OBCR),98,4:46,Take a Break,https://www.youtube.com/watch?v=xAikd8ADvbc,"""Take a Break"" from HAMILTON",HAMILTON - Original Broadway Cast Album
Hamilton,Original Broadway,Hamilton (OBCR),76,4:02,Say No to This,https://www.youtube.com/watch?v=NIJ2I7mxOE4,"""Say No to This"" from HAMILTON",HAMILTON - Original Broadway Cast Album
Hamilton,Original Broadway,Hamilton (OBCR),112,5:18,The Room Where It Happens,https://www.youtube.com/watch?v=qrkwgEUXyTU,"""The Room Where It Happens"" from HAMILTON",HAMILTON - Original Broadway Cast Album
Hamilton,Original Broadway,Hamilton (OBCR),120,1:03,Schuyler Defeated,https://www.youtube.com/watch?v=8I4Qvl8gZ6k,"""Schuyler Defeated"" from HAMILTON",HAMILTON - Original Broadway Cast Album
Hamilton,Original Broadway,Hamilton (OBCR),92,2:22,Cabinet Battle #2,https://www.youtube.com/watch?v=THXHQQJB0mM,"""Cabinet Battle #2"" from HAMILTON",HAMILTON - Original Broadway Cast Album
Hamilton,Original Broadway,Hamilton (OBCR),94,3:01,Washington on Your Side,https://www.youtube.com/watch?v=ok03QOm5EUs,"""Washington on Your Side"" from HAMILTON",HAMILTON - Original Broadway Cast Album
Hamilton,Original Broadway,Hamilton (OBCR),86,4:56,One Last Time,https://www.youtube.com/watch?v=CPgDZBADR3Y,"""One Last Time"" from HAMILTON",HAMILTON - Original Broadway Cast Album
Hamilton,Original Broadway,Hamilton (OBCR),122,1:37,I Know Him,https://www.youtube.com/watch?v=hGibKLo3SC0,"""I Know Him"" from HAMILTON",HAMILTON - Original Broadway Cast Album
Hamilton,Original Broadway,Hamilton (OBCR),120,0:54,The Adams Administration,https://www.youtube.com/watch?v=G_4DNnBjKCU,"""The Adams Administration"" from HAMILTON",HAMILTON - Original Broadway Cast Album
Hamilton,Original Broadway,Hamilton (OBCR),88,2:22,We Know,https://www.youtube.com/watch?v=lf5vDfqYf4Y,"""We Know"" from HAMILTON",HAMILTON - Original Broadway Cast Album
Hamilton,Original Broadway,Hamilton (OBCR),118,2:23,Hurricane,https://www.youtube.com/watch?v=ZDrIMv-irD8,"""Hurricane"" from HAMILTON",HAMILTON - Original Broadway Cast Album
Hamilton,Original Broadway,Hamilton (OBCR),120,2:08,The Reynolds Pamphlet,https://www.youtube.com/watch?v=ppfcuc8ptVg,"""The Reynolds Pamphlet"" from HAMILTON",HAMILTON - Original Broadway Cast Album
Hamilton,Original Broadway,Hamilton (OBCR),80,3:45,Burn,https://www.youtube.com/watch?v=ibiXMtfG6a8,"""Burn"" from HAMILTON",HAMILTON - Original Broadway Cast Album
Hamilton,Original Broadway,Hamilton (OBCR),96,2:53,Blow Us All Away,https://www.youtube.com/watch?v=cHxNyOMTnzY,"""Blow Us All Away"" from HAMILTON",HAMILTON - Original Broadway Cast Album
Hamilton,Original Broadway,Hamilton (OBCR),72,1:51,Stay Alive (Reprise),https://www.youtube.com/watch?v=uYFO4q1TZ6Y,"""Stay Alive - Reprise"" from HAMILTON",HAMILTON - Original Broadway Cast Album
Hamilton,Original Broadway,Hamilton (OBCR),74,4:30,It's Quiet Uptown,https://www.youtube.com/watch?v=412CiL83Ss0,"""It's Quiet Uptown"" from HAMILTON",HAMILTON - Original Broadway Cast Album
Hamilton,Original Broadway,Hamilton (OBCR),120,3:57,The Election of 1800,https://www.youtube.com/watch?v=wdhAUHMm5-0,"""The Election of 1800"" from HAMILTON",HAMILTON - Original Broadway Cast Album
Hamilton,Original Broadway,Hamilton (OBCR),98,2:30,Your Obedient Servant,https://www.youtube.com/watch?v=Rp2AaGysm_s,"""Your Obedient Servant"" from HAMILTON",HAMILTON - Original Broadway Cast Album
Hamilton,Original Broadway,Hamilton (OBCR),72,0:47,Best of Wives and Best of Women,https://www.youtube.com/watch?v=8ri_KdJD3Tg,"""Best of Wives and Best of Women"" from HAMILTON",HAMILTON - Original Broadway Cast Album
Hamilton,Original Broadway,Hamilton (OBCR),122,5:02,The World Was Wide Enough,https://www.youtube.com/watch?v=xcqQy4eOZvQ,"""The World Was Wide Enough"" from HAMILTON",HAMILTON - Original Broadway Cast Album
Hamilton,Original Broadway,Hamilton (OBCR),84,3:37,"Who Lives, Who Dies, Who Tells Your Story",https://www.youtube.com/watch?v=ppXigfLHZog,"""Who Lives, Who Dies, Who Tells Your Story"" from HAMILTON",HAMILTON - Original Broadway Cast Album
Six,Studio Cast,Six: The Musical,122,5:51,Ex-Wives,https://www.youtube.com/watch?v=AgEJK6Vk8Ro,SIX the Musical - Ex Wives (from the Studio Cast Recording),SIX the Musical - The Studio Cast Recording
Six,Studio Cast,Six: The Musical,115,4:02,No Way,https://www.youtube.com/watch?v=daa_SdJHWfc,SIX the Musical (featuring Renée Lamb) - No Way (from the Studio Cast Recording),SIX the Musical - The Studio Cast Recording
Six,Studio Cast,Six: The Musical,110,4:06,Don't Lose Ur Head,https://www.youtube.com/watch?v=kAthQG1aKho,SIX the Musical - Don't Lose Ur Head (from the Studio Cast Recording),SIX the Musical - The Studio Cast Recording
Six,Studio Cast,Six: The Musical,68,5:12,Heart of Stone,https://www.youtube.com/watch?v=wMY7nZHNp7U,SIX the Musical (featuring Natalie Paris) - Heart of Stone (from the Studio Cast Recording),SIX the Musical - The Studio Cast Recording
Six,Studio Cast,Six: The Musical,130,2:07,Haus of Holbein,https://www.youtube.com/watch?v=KbyNfnlPCn4,SIX the Musical - Haus of Holbein (from the Studio Cast Recording),SIX the Musical - The Studio Cast Recording
Six,Studio Cast,Six: The Musical,112,4:14,Get Down,https://www.youtube.com/watch?v=m5xv7fyRFyI,SIX the Musical - Get Down (from the Studio Cast Recording),SIX the Musical - The Studio Cast Recording
Six,Studio Cast,Six: The Musical,118,6:51,All You Wanna Do,https://www.youtube.com/watch?v=BhszM7II9p8,SIX the Musical (featuring Aimie Atkinson) - All You Wanna Do (from the Studio Cast Recording),SIX the Musical - The Studio Cast Recording
Six,Studio Cast,Six: The Musical,88,6:08,I Don't Need Your Love,https://www.youtube.com/watch?v=ukoXwo_eB_o,SIX the Musical - I Don't Need Your Love (from the Studio Cast Recording),SIX the Musical - The Studio Cast Recording
Six,Studio Cast,Six: The Musical,120,4:00,Six,https://www.youtube.com/watch?v=wTvRNwslYxA,SIX the Musical - Six (from the Studio Cast Recording),SIX the Musical - The Studio Cast Recording
Wicked,Original Broadway,Wicked (OBCR),138,6:40,No One Mourns the Wicked,https://www.youtube.com/watch?v=Fe9N3Xcwtso,"No One Mourns The Wicked (From ""Wicked"" Original Broadway Cast Recording/2003 / Audio)",&#39;Wicked&#39; Original Broadway Cast Recording
Wicked,Original Broadway,Wicked (OBCR),100,1:26,Dear Old Shiz,https://www.youtube.com/watch?v=H9bY_9HpCaQ,"Kristin Chenoweth - Dear Old Shiz (From ""Wicked"" Original Broadway Cast Recording/2003 / Audio)",&#39;Wicked&#39; Original Broadway Cast Recording
Wicked,Original Broadway,Wicked (OBCR),84,5:09,The Wizard and I,https://www.youtube.com/watch?v=i0r_RWwa2tQ,"The Wizard And I (From ""Wicked"" Original Broadway Cast Recording/2003 / Audio)",&#39;Wicked&#39; Original Broadway Cast Recording
Wicked,Original Broadway,Wicked (OBCR),144,3:32,What Is This Feeling?,https://www.youtube.com/watch?v=56y1llF6XtE,"What Is This Feeling? (From ""Wicked"" Original Broadway Cast Recording/2003 / Audio)",&#39;Wicked&#39; Original Broadway Cast Recording
Wicked,Original Broadway,Wicked (OBCR),106,1:39,Something Bad,https://www.youtube.com/watch?v=2y174puXpTE,"Something Bad (From ""Wicked"" Original Broadway Cast Recording/2003 / Audio)",&#39;Wicked&#39; Original Broadway Cast Recording
Wicked,Original Broadway,Wicked (OBCR),132,7:37,Dancing Through Life,https://www.youtube.com/watch?v=CnIjnMDY5-c,"Dancing Through Life (From ""Wicked"" Original Broadway Cast Recording/2003 / Audio)",&#39;Wicked&#39; Original Broadway Cast Recording
Wicked,Original Broadway,Wicked (OBCR),92,3:44,Popular,https://www.youtube.com/watch?v=OdQ1CG11wTQ,"Kristin Chenoweth - Popular (From ""Wicked"" Original Broadway Cast Recording/2003 / Audio)",&#39;Wicked&#39; Original Broadway Cast Recording
Wicked,Original Broadway,Wicked (OBCR),72,2:58,I'm Not That Girl,https://www.youtube.com/watch?v=QAvtDomJqvE,"Idina Menzel - I'm Not That Girl (From ""Wicked"" Original Broadway Cast Recording/2003 / Audio)",&#39;Wicked&#39; Original Broadway Cast Recording
Wicked,Original Broadway,Wicked (OBCR),130,3:03,One Short Day,https://www.youtube.com/watch?v=8DuHYxrRhhk,"One Short Day (From ""Wicked"" Original Broadway Cast Recording/2003 / Audio)",&#39;Wicked&#39; Original Broadway Cast Recording
Wicked,Original Broadway,Wicked (OBCR),88,1:16,A Sentimental Man,https://www.youtube.com/watch?v=tIFm0r6vm2Q,"A Sentimental Man (From ""Wicked"" Original Broadway Cast Recording/2003 / Audio)",&#39;Wicked&#39; Original Broadway Cast Recording
Wicked,Original Broadway,Wicked (OBCR),76,5:53,Defying Gravity,https://www.youtube.com/watch?v=l0Bs_eaXaCo,,&#39;Wicked&#39; Original Broadway Cast Recording
Wicked,Original Broadway,Wicked (OBCR),120,6:23,Thank Goodness,https://www.youtube.com/watch?v=NypM5RZp_YM,"Thank Goodness (From ""Wicked"" Original Broadway Cast Recording/2003 / Audio)",&#39;Wicked&#39; Original Broadway Cast Recording
Wicked,Original Broadway,Wicked (OBCR),112,4:57,Wonderful,https://www.youtube.com/watch?v=j6cbFOMrB4Q,"Wonderful (From ""Wicked"" Original Broadway Cast Recording/2003 / Audio)",&#39;Wicked&#39; Original Broadway Cast Recording
Wicked,Original Broadway,Wicked (OBCR),72,0:50,I'm Not That Girl (Reprise),https://www.youtube.com/watch?v=NOqyOMPxHgc,"I'm Not That Girl (Reprise) (From ""Wicked"" Original Broadway Cast Recording/2003 / Audio)",&#39;Wicked&#39; Original Broadway Cast Recording
Wicked,Original Broadway,Wicked (OBCR),108,3:45,As Long as You're Mine,https://www.youtube.com/watch?v=1o9FOr6Kd68,"As Long As You're Mine (From ""Wicked"" Original Broadway Cast Recording/2003 / Audio)",&#39;Wicked&#39; Original Broadway Cast Recording
Wicked,Original Broadway,Wicked (OBCR),142,3:31,No Good Deed,https://www.youtube.com/watch?v=kqq4C8bXI-k,"Idina Menzel - No Good Deed (From ""Wicked"" Original Broadway Cast Recording/2003 / Audio)",&#39;Wicked&#39; Original Broadway Cast Recording
Wicked,Original Broadway,Wicked (OBCR),128,1:31,March of the Witch Hunters,https://www.youtube.com/watch?v=VD_FBWJ1pXQ,"March Of The Witch Hunters (From ""Wicked"" Original Broadway Cast Recording/2003 / Audio)",&#39;Wicked&#39; Original Broadway Cast Recording
Wicked,Original Broadway,Wicked (OBCR),70,5:06,For Good,https://www.youtube.com/watch?v=wYTeyNB1k5g,"For Good (From ""Wicked"" Original Broadway Cast Recording/2003 / Audio)",&#39;Wicked&#39; Original Broadway Cast Recording
Wicked,Original Broadway,Wicked (OBCR),80,1:41,Finale,https://www.youtube.com/watch?v=RFmNdPN_vRM,"Finale ""Wicked"" (From ""Wicked"" Original Broadway Cast Recording/2003 / Audio)",&#39;Wicked&#39; Original Broadway Cast Recording
Dear Evan Hansen,Original Broadway,Dear Evan Hansen (OBCR),128,2:26,Anybody Have a Map?,https://www.youtube.com/watch?v=6f1-QF9jvBM,"""Anybody Have a Map?"" from the DEAR EVAN HANSEN Original Broadway Cast Recording",Original Broadway Cast Recording
Dear Evan Hansen,Original Broadway,Dear Evan Hansen (OBCR),160,3:56,Waving Through a Window,https://www.youtube.com/watch?v=kfnMvo87fQU,"""Waving Through a Window"" from the DEAR EVAN HANSEN Original Broadway Cast Recording",Original Broadway Cast Recording
Dear Evan Hansen,Original Broadway,Dear Evan Hansen (OBCR),80,5:01,For Forever,https://www.youtube.com/watch?v=xkdPRcY0k4o,"""For Forever"" from the DEAR EVAN HANSEN Original Broadway Cast Recording",Original Broadway Cast Recording
Dear Evan Hansen,Original Broadway,Dear Evan Hansen (OBCR),144,3:42,"Sincerely, Me",https://www.youtube.com/watch?v=HOYAA13Bm9M,"""Sincerely, Me"" from the DEAR EVAN HANSEN Original Broadway Cast Recording",Original Broadway Cast Recording
Dear Evan Hansen,Original Broadway,Dear Evan Hansen (OBCR),90,4:19,Requiem,https://www.youtube.com/watch?v=AN9x0v2-deU,"""Requiem"" from the DEAR EVAN HANSEN Original Broadway Cast Recording",Original Broadway Cast Recording
Dear Evan Hansen,Original Broadway,Dear Evan Hansen (OBCR),74,4:08,If I Could Tell Her,https://www.youtube.com/watch?v=B7h7c_L_Yp4,"""If I Could Tell Her"" from the DEAR EVAN HANSEN Original Broadway Cast Recording",Original Broadway Cast Recording
Dear Evan Hansen,Original Broadway,Dear Evan Hansen (OBCR),124,4:35,Disappear,https://www.youtube.com/watch?v=Lx9oP2YyY88,"""Disappear"" from the DEAR EVAN HANSEN Original Broadway Cast Recording",Original Broadway Cast Recording
Dear Evan Hansen,Original Broadway,Dear Evan Hansen (OBCR),124,6:00,You Will Be Found,https://www.youtube.com/watch?v=mSfH2AuhXfw,"""You Will Be Found"" from the DEAR EVAN HANSEN Original Broadway Cast Recording",Original Broadway Cast Recording
Dear Evan Hansen,Original Broadway,Dear Evan Hansen (OBCR),106,3:50,To Break In a Glove,https://www.youtube.com/watch?v=h8z6qYV1qjA,"""To Break in a Glove"" from the DEAR EVAN HANSEN Original Broadway Cast Recording",Original Broadway Cast Recording
Dear Evan Hansen,Original Broadway,Dear Evan Hansen (OBCR),140,3:47,Only Us,https://www.youtube.com/watch?v=PPvO1sZkOx0,"""Only Us"" from the DEAR EVAN HANSEN Original Broadway Cast Recording",Original Broadway Cast Recording
Dear Evan Hansen,Original Broadway,Dear Evan Hansen (OBCR),136,3:05,Good for You,https://www.youtube.com/watch?v=v5B9RWJor4c,"""Good For You"" from the DEAR EVAN HANSEN Original Broadway Cast Recording",Original Broadway Cast Recording
Dear Evan Hansen,Original Broadway,Dear Evan Hansen (OBCR),116,5:51,Words Fail,https://www.youtube.com/watch?v=RKP9UdIcXFk,"""Words Fail"" from the DEAR EVAN HANSEN Original Broadway Cast Recording",Original Broadway Cast Recording
Dear Evan Hansen,Original Broadway,Dear Evan Hansen (OBCR),82,4:12,So Big / So Small,https://www.youtube.com/watch?v=9vD2JBq0ns8,"""So Big / So Small"" from the DEAR EVAN HANSEN Original Broadway Cast Recording",Original Broadway Cast Recording
Dear Evan Hansen,Original Broadway,Dear Evan Hansen (OBCR),120,1:35,Finale,https://www.youtube.com/watch?v=r-nKoW1rVu8,"""Finale"" from the DEAR EVAN HANSEN Original Broadway Cast Recording",Original Broadway Cast Recording
Heathers,World Premiere Cast,Heathers (World Premiere),115,8:16,Beautiful,https://www.youtube.com/watch?v=zAmmc7VFiZY,Beautiful - Heathers: The Musical +LYRICS,Heathers: The Musical +LYRICS
Heathers,World Premiere Cast,Heathers (World Premiere),136,2:57,Candy Store,https://www.youtube.com/watch?v=BQOoTX1Nxx8,Candy Store - Heathers: The Musical +LYRICS,Heathers: The Musical +LYRICS
Heathers,World Premiere Cast,Heathers (World Premiere),112,2:33,Fight for Me,https://www.youtube.com/watch?v=DmHPhhJWNKI,Fight for Me - Heathers: The Musical +LYRICS,Heathers: The Musical +LYRICS
Heathers,World Premiere Cast,Heathers (World Premiere),124,2:48,Freeze Your Brain,https://www.youtube.com/watch?v=GAOxJv96VE8,Freeze Your Brain - Heathers: The Musical +LYRICS,Heathers: The Musical +LYRICS
Heathers,World Premiere Cast,Heathers (World Premiere),130,4:05,Big Fun,https://www.youtube.com/watch?v=2Q1p89oUQUM,Big Fun - Heathers: The Musical +LYRICS,Heathers: The Musical +LYRICS
Heathers,World Premiere Cast,Heathers (World Premiere),128,3:17,Dead Girl Walking,https://www.youtube.com/watch?v=3EyDyxGZn_Y,Dead Girl Walking - Heathers: The Musical +LYRICS,Heathers: The Musical +LYRICS
Heathers,World Premiere Cast,Heathers (World Premiere),100,2:28,The Me Inside of Me,https://www.youtube.com/watch?v=esJKM00L9Ss,Me Inside of Me - Heathers: The Musical +LYRICS,Heathers: The Musical +LYRICS
Heathers,World Premiere Cast,Heathers (World Premiere),122,2:48,Blue,https://www.youtube.com/watch?v=QzqUTJ7U3xs,Blue - Heathers: The Musical +LYRICS,Heathers: The Musical +LYRICS
Heathers,World Premiere Cast,Heathers (World Premiere),116,5:12,Our Love is God,https://www.youtube.com/watch?v=P3dGcN_mJ50,Our Love Is God - Heathers: The Musical +LYRICS,Heathers: The Musical +LYRICS
Heathers,World Premiere Cast,Heathers (World Premiere),148,3:23,My Dead Gay Son,https://www.youtube.com/watch?v=2k8DwNoAYQY,My Dead Gay Son - Heathers: The Musical +LYRICS,Heathers: The Musical +LYRICS
Heathers,World Premiere Cast,Heathers (World Premiere),78,3:12,Seventeen,https://www.youtube.com/watch?v=9h80Sr15n4M,Seventeen - Heathers: The Musical +LYRICS,Heathers: The Musical +LYRICS
Heathers,World Premiere Cast,Heathers (World Premiere),124,2:31,Shine a Light,https://www.youtube.com/watch?v=uIGvxf0IEXs,Shine A Light - Heathers: The Musical +LYRICS,Heathers: The Musical +LYRICS
Heathers,World Premiere Cast,Heathers: The Musical,55,1:39,Lifeboat,https://www.youtube.com/watch?v=cO_bnOUmX6s,Lifeboat - Heathers: The Musical +LYRICS,Heathers: The Musical +LYRICS
Heathers,World Premiere Cast,Heathers: The Musical,124,0:42,Shine a Light (Reprise),https://www.youtube.com/watch?v=_h_Zi4F1I8I,Shine A Light (Reprise) - Heathers: The Musical +LYRICS,Heathers: The Musical +LYRICS
Heathers,World Premiere Cast,Heathers: The Musical,81,3:48,Kindergarten Boyfriend,https://www.youtube.com/watch?v=P9MwGckEZd4,Kindergarten Boyfriend - Heathers: The Musical +LYRICS,Heathers: The Musical +LYRICS
Heathers,World Premiere Cast,Heathers: The Musical,120,1:46,Yo Girl,https://www.youtube.com/watch?v=YOsWPIqL22s,Yo Girl - Heathers: The Musical +LYRICS,Heathers: The Musical +LYRICS
Heathers,World Premiere Cast,Heathers: The Musical,152,3:25,Meant to Be Yours,https://www.youtube.com/watch?v=hD7x_7tUFNI,Meant to Be Yours - Heathers: The Musical +LYRICS,Heathers: The Musical +LYRICS
Heathers,World Premiere Cast,Heathers: The Musical,132,2:46,Dead Girl Walking (Reprise),https://www.youtube.com/watch?v=LIHPNqYiPSM,Dead Girl Walking (Reprise) - Heathers: The Musical +LYRICS,Heathers: The Musical +LYRICS
Heathers,World Premiere Cast,Heathers: The Musical,110,1:26,I Am Damaged,https://www.youtube.com/watch?v=nlVxhg-HVCk,I Am Damaged - Heathers: The Musical +LYRICS,Heathers: The Musical +LYRICS
Heathers,World Premiere Cast,Heathers: The Musical,115,2:44,Seventeen (Reprise),https://www.youtube.com/watch?v=zAAXjHKXhNI,Seventeen (Reprise) - Heathers: The Musical +LYRICS,Heathers: The Musical +LYRICS
Hadestown,Original Broadway,Hadestown (OBCR),85,5:17,Road to Hell,https://www.youtube.com/watch?v=ZgsfT2w7FfM,Road to Hell,Hadestown Original Broadway Cast Recording (2019) - In Order
Hadestown,Original Broadway,Hadestown (OBCR),120,3:45,Any Way the Wind Blows,https://www.youtube.com/watch?v=2N3FmSVcjwA,Any Way the Wind Blows,Hadestown Original Broadway Cast Recording (2019) - In Order
Hadestown,Original Broadway,Hadestown (OBCR),114,1:47,Come Home With Me,https://www.youtube.com/watch?v=KpNEPwACYK4,Come Home with Me,Hadestown Original Broadway Cast Recording (2019) - In Order
Hadestown,Original Broadway,Hadestown (OBCR),128,3:33,Wedding Song,https://www.youtube.com/watch?v=zP47npl3rHo,Wedding Song,Hadestown Original Broadway Cast Recording (2019) - In Order
Hadestown,Original Broadway,Hadestown (OBCR),74,3:12,Epic I,https://www.youtube.com/watch?v=pN1Ws7qTGuM,Epic I,Hadestown Original Broadway Cast Recording (2019) - In Order
Hadestown,Original Broadway,Hadestown (OBCR),158,5:29,Livin' it Up on Top,https://www.youtube.com/watch?v=Qc_lZC55MI4,Livin' it Up on Top,Hadestown Original Broadway Cast Recording (2019) - In Order
Hadestown,Original Broadway,Hadestown (OBCR),82,4:03,All I've Ever Known,https://www.youtube.com/watch?v=L5A__1-QK4w,All I've Ever Known,Hadestown Original Broadway Cast Recording (2019) - In Order
Hadestown,Original Broadway,Hadestown (OBCR),130,5:00,Way Down Hadestown,https://www.youtube.com/watch?v=nJIc3RtJK7U,Way Down Hadestown,Hadestown Original Broadway Cast Recording (2019) - In Order
Hadestown,Original Broadway,Hadestown (OBCR),90,1:33,A Gathering Storm,https://www.youtube.com/watch?v=aHYhu0zBEhQ,A Gathering Storm,Hadestown Original Broadway Cast Recording (2019) - In Order
Hadestown,Original Broadway,Hadestown (OBCR),72,2:26,Epic II,https://www.youtube.com/watch?v=_VVB2WWohM0,Epic II,Hadestown Original Broadway Cast Recording (2019) - In Order
Hadestown,Original Broadway,Hadestown (OBCR),118,6:31,Chant,https://www.youtube.com/watch?v=4bheXkre0yM,Chant,Hadestown Original Broadway Cast Recording (2019) - In Order
Hadestown,Original Broadway,Hadestown (OBCR),105,3:32,"Hey, Little Songbird",https://www.youtube.com/watch?v=hRGQqFfqps0,"Hey, Little Songbird",Hadestown Original Broadway Cast Recording (2019) - In Order
Hadestown,Original Broadway,Hadestown (OBCR),124,2:14,When the Chips are Down,https://www.youtube.com/watch?v=Qu4AhyJL_U4,When the Chips are Down,Hadestown Original Broadway Cast Recording (2019) - In Order
Hadestown,Original Broadway,Hadestown (OBCR),85,1:41,"Gone, I'm Gone",https://www.youtube.com/watch?v=QhuyQfLXARs,"Gone, I'm Gone",Hadestown Original Broadway Cast Recording (2019) - In Order
Hadestown,Original Broadway,Hadestown (OBCR),67,3:34,Wait for Me,https://www.youtube.com/watch?v=9nKTH0zx_H8,Wait for Me,Hadestown Original Broadway Cast Recording (2019) - In Order
Hadestown,Original Broadway,Hadestown (OBCR),88,4:00,Why We Build the Wall,https://www.youtube.com/watch?v=Q1VDxMe54Og,Why We Build the Wall,Hadestown Original Broadway Cast Recording (2019) - In Order
Hadestown,Original Broadway,Hadestown (OBCR),120,5:24,Our Lady of the Underground,https://www.youtube.com/watch?v=vasNenR_DL0,Our Lady of the Underground,Hadestown Original Broadway Cast Recording (2019) - In Order
Hadestown,Original Broadway,Hadestown (OBCR),130,3:50,Way Down Hadestown (Reprise),https://www.youtube.com/watch?v=GrIOImWFcUM,Way Down Hadestown (Reprise),Hadestown Original Broadway Cast Recording (2019) - In Order
Hadestown,Original Broadway,Hadestown (OBCR),65,3:31,Flowers,https://www.youtube.com/watch?v=IzDzpJcQ8l4,Flowers,Hadestown Original Broadway Cast Recording (2019) - In Order
Hadestown,Original Broadway,Hadestown (OBCR),108,1:01,Come Home With Me (Reprise),https://www.youtube.com/watch?v=r-0f9RbgdGA,Come Home with Me (Reprise),Hadestown Original Broadway Cast Recording (2019) - In Order
Hadestown,Original Broadway,Hadestown (OBCR),125,1:53,Papers,https://www.youtube.com/watch?v=fSMoZUUBfNs,"Papers (""You're not from around here, son... "") (Intro)",Hadestown Original Broadway Cast Recording (2019) - In Order
Hadestown,Original Broadway,Hadestown (OBCR),90,1:11,Nothing Changes,https://www.youtube.com/watch?v=tk_7g0uFD7w,Nothing Changes,Hadestown Original Broadway Cast Recording (2019) - In Order
Hadestown,Original Broadway,Hadestown (OBCR),110,4:13,If It's True,https://www.youtube.com/watch?v=3ptcEt-_Ym4,If it's True,Hadestown Original Broadway Cast Recording (2019) - In Order
Hadestown,Original Broadway,Hadestown (OBCR),100,3:41,How Long?,https://www.youtube.com/watch?v=Bim5CXHgy3s,How Long?,Hadestown Original Broadway Cast Recording (2019) - In Order
Hadestown,Original Broadway,Hadestown (OBCR),120,4:01,Chant (Reprise),https://www.youtube.com/watch?v=FVyH0sOTths,Chant (Reprise),Hadestown Original Broadway Cast Recording (2019) - In Order
Hadestown,Original Broadway,Hadestown (OBCR),80,5:51,Epic III,https://www.youtube.com/watch?v=8c05EMeY2E8,Epic III,Hadestown Original Broadway Cast Recording (2019) - In Order
Hadestown,Original Broadway,Hadestown (OBCR),92,2:43,Promises,https://www.youtube.com/watch?v=9J3C9jKxF6w,Promises,Hadestown Original Broadway Cast Recording (2019) - In Order
Hadestown,Original Broadway,Hadestown (OBCR),85,1:20,Word to the Wise,https://www.youtube.com/watch?v=QmHSW6OUl0Y,Word to the Wise,Hadestown Original Broadway Cast Recording (2019) - In Order
Hadestown,Original Broadway,Hadestown (OBCR),115,3:03,"His Kiss, the Riot",https://www.youtube.com/watch?v=ITP3Ytddqf8,"His Kiss, the Riot",Hadestown Original Broadway Cast Recording (2019) - In Order
Hadestown,Original Broadway,Hadestown (OBCR),75,3:12,Wait for Me (Reprise),https://www.youtube.com/watch?v=8u1vfsNpVpA,Wait for Me (Reprise),Hadestown Original Broadway Cast Recording (2019) - In Order
Hadestown,Original Broadway,Hadestown (OBCR),95,4:51,Doubt Comes In,https://www.youtube.com/watch?v=HgAJn8gVGgQ,Doubt Comes In,Hadestown Original Broadway Cast Recording (2019) - In Order
Hadestown,Original Broadway,Hadestown (OBCR),85,5:05,Road to Hell (Reprise),https://www.youtube.com/watch?v=1oaMRk56tzo,Road to Hell (Reprise),Hadestown Original Broadway Cast Recording (2019) - In Order
The Book of Mormon,Original Broadway,The Book of Mormon (OBCR),165,2:52,Hello!,https://www.youtube.com/watch?v=qvXEDv3WeeA,Hello! — Book of Mormon (Lyric Video) [OBC],Full Lyric Video — Book of Mormon [OBC]
The Book of Mormon,Original Broadway,The Book of Mormon (OBCR),154,4:32,Two By Two,https://www.youtube.com/watch?v=quVQc3hx8DA,Two By Two — Book of Mormon (Lyric Video) [OBC],Full Lyric Video — Book of Mormon [OBC]
The Book of Mormon,Original Broadway,The Book of Mormon (OBCR),128,2:43,You and Me (But Mostly Me),https://www.youtube.com/watch?v=Cu3TRaK7ezo,You and Me (But Mostly Me) — Book of Mormon (Lyric Video) [OBC],Full Lyric Video — Book of Mormon [OBC]
The Book of Mormon,Original Broadway,The Book of Mormon (OBCR),134,4:25,Hasa Diga Eebowai,https://www.youtube.com/watch?v=t0uvcifPD7c,Hasa Diga Eebowai — Book of Mormon (Lyric Video) [OBC],Full Lyric Video — Book of Mormon [OBC]
The Book of Mormon,Original Broadway,The Book of Mormon (OBCR),130,5:03,Turn It Off,https://www.youtube.com/watch?v=WE4kmEoJy18,Turn It Off — Book of Mormon (Lyric Video) [OBC],Full Lyric Video — Book of Mormon [OBC]
The Book of Mormon,Original Broadway,The Book of Mormon (OBCR),105,2:04,I Am Here for You,https://www.youtube.com/watch?v=3ttPKgoj-5w,I Am Here For You — Book of Mormon (Lyric Video) [OBC],Full Lyric Video — Book of Mormon [OBC]
The Book of Mormon,Original Broadway,The Book of Mormon (OBCR),118,6:15,All-American Prophet,https://www.youtube.com/watch?v=EmhXXCBiUCI,All-American Prophet — Book of Mormon (Lyric Video) [OBC],Full Lyric Video — Book of Mormon [OBC]
The Book of Mormon,Original Broadway,The Book of Mormon (OBCR),82,3:42,Sal Tlay Ka Siti,https://www.youtube.com/watch?v=5MVT_R2wzr0,Sal Tlay Ka Siti — Book of Mormon (Lyric Video) [OBC],Full Lyric Video — Book of Mormon [OBC]
The Book of Mormon,Original Broadway,The Book of Mormon (OBCR),140,4:04,Man Up,https://www.youtube.com/watch?v=s7u8xvGBIqU,Man Up — Book of Mormon (Lyric Video) [OBC],Full Lyric Video — Book of Mormon [OBC]
The Book of Mormon,Original Broadway,The Book of Mormon (OBCR),120,4:17,Making Things Up Again,https://www.youtube.com/watch?v=TqEPrPa07XU,Making Things Up Again — Book of Mormon (Lyric Video) [OBC],Full Lyric Video — Book of Mormon [OBC]
The Book of Mormon,Original Broadway,The Book of Mormon (OBCR),150,4:30,Spooky Mormon Hell Dream,https://www.youtube.com/watch?v=dtryxTPxVR4,Spooky Mormon Hell Dream,Full Lyric Video — Book of Mormon [OBC]
The Book of Mormon,Original Broadway,The Book of Mormon (OBCR),84,4:43,I Believe,https://www.youtube.com/watch?v=4q5rJiSTEhM,I Believe — Book of Mormon (Lyric Video) [OBC],Full Lyric Video — Book of Mormon [OBC]
The Book of Mormon,Original Broadway,The Book of Mormon (OBCR),92,4:15,Baptize Me,https://www.youtube.com/watch?v=ecg-FAk4ku8,Baptize Me — Book of Mormon (Lyric Video) [OBC],Full Lyric Video — Book of Mormon [OBC]
The Book of Mormon,Original Broadway,The Book of Mormon (OBCR),110,2:22,I Am Africa,https://www.youtube.com/watch?v=7WP85Lk2368,I Am Africa — Book of Mormon (Lyric Video) [OBC],Full Lyric Video — Book of Mormon [OBC]
The Book of Mormon,Original Broadway,The Book of Mormon (OBCR),135,6:12,Joseph Smith American Moses,https://www.youtube.com/watch?v=0CspYgW9KhU,Joseph Smith American Moses — Book of Mormon (Lyric Video) [OBC],Full Lyric Video — Book of Mormon [OBC]
The Book of Mormon,Original Broadway,The Book of Mormon (OBCR),125,6:02,Tomorrow Is a Latter Day,https://www.youtube.com/watch?v=dB44YCt3EAs,Tomorrow Is A Latter Day — Book of Mormon (Lyric Video) [OBC],Full Lyric Video — Book of Mormon [OBC]
Waitress,Original Broadway,Waitress (OBCR),72,1:31,What's Inside,https://www.youtube.com/watch?v=vSL4l-ReG3M,What's Inside,- Waitress (Original Broadway Cast Recording)
Waitress,Original Broadway,Waitress (OBCR),134,2:34,Opening Up,https://www.youtube.com/watch?v=YQD1e6V7_ug,Opening Up,- Waitress (Original Broadway Cast Recording)
Waitress,Original Broadway,Waitress (OBCR),116,2:27,The Negative,https://www.youtube.com/watch?v=Rrq3i1ELNis,The Negative,- Waitress (Original Broadway Cast Recording)
Waitress,Original Broadway,Waitress (OBCR),148,3:30,What Baking Can Do,https://www.youtube.com/watch?v=lRaSSfSpR5E,What Baking Can Do,- Waitress (Original Broadway Cast Recording)
Waitress,Original Broadway,Waitress (OBCR),115,0:46,Club Knocked Up,https://www.youtube.com/watch?v=lLOzpW6ZJYo,Club Knocked Up,- Waitress (Original Broadway Cast Recording)
Waitress,Original Broadway,Waitress (OBCR),100,1:01,Pomatter Pie,https://www.youtube.com/watch?v=cRjeDmzGf50,Pomatter Pie,- Waitress (Original Broadway Cast Recording)
Waitress,Original Broadway,Waitress (OBCR),162,3:43,When He Sees Me,https://www.youtube.com/watch?v=JeQZY9_451w,When He Sees Me,- Waitress (Original Broadway Cast Recording)
Waitress,Original Broadway,Waitress (OBCR),105,3:08,It Only Takes a Taste,https://www.youtube.com/watch?v=-XJAbr7_l48,It Only Takes a Taste,- Waitress (Original Broadway Cast Recording)
Waitress,Original Broadway,Waitress (OBCR),105,2:18,You Will Still Be Mine,https://www.youtube.com/watch?v=7JLSifmKIYg,You Will Still Be Mine,- Waitress (Original Broadway Cast Recording)
Waitress,Original Broadway,Waitress (OBCR),88,2:57,A Soft Place to Land,https://www.youtube.com/watch?v=bBClDyy2uSA,A Soft Place to Land,- Waitress (Original Broadway Cast Recording)
Waitress,Original Broadway,Waitress (OBCR),138,2:16,Never Ever Getting Rid of Me,https://www.youtube.com/watch?v=oQvqDYrCi_k,Never Ever Getting Rid of Me,- Waitress (Original Broadway Cast Recording)
Waitress,Original Broadway,Waitress (OBCR),124,3:06,Bad Idea,https://www.youtube.com/watch?v=d31BBuz7ApQ,Bad Idea,- Waitress (Original Broadway Cast Recording)
Waitress,Original Broadway,Waitress (OBCR),120,2:39,I Didn't Plan It,https://www.youtube.com/watch?v=uLsdNGR_n3w,I Didn't Plan It,- Waitress (Original Broadway Cast Recording)
Waitress,Original Broadway,Waitress (OBCR),130,1:03,Bad Idea (Reprise),https://www.youtube.com/watch?v=oqBXO3edYNI,Bad Idea (Reprise),- Waitress (Original Broadway Cast Recording)
Waitress,Original Broadway,Waitress (OBCR),68,4:21,You Matter to Me,https://www.youtube.com/watch?v=AREDtpRZTSA,You Matter to Me,- Waitress (Original Broadway Cast Recording)
Waitress,Original Broadway,Waitress (OBCR),140,1:56,I Love You Like a Table,https://www.youtube.com/watch?v=RqJXXxQFUOA,I Love You Like a Table,- Waitress (Original Broadway Cast Recording)
Waitress,Original Broadway,Waitress (OBCR),75,2:37,Take It from an Old Man,https://www.youtube.com/watch?v=W44snFoSgs4,Take It from an Old Man,- Waitress (Original Broadway Cast Recording)
Waitress,Original Broadway,Waitress (OBCR),80,0:36,Dear Baby,https://www.youtube.com/watch?v=uDqUW9sKC0s,Dear Baby,- Waitress (Original Broadway Cast Recording)
Waitress,Original Broadway,Waitress (OBCR),74,4:20,She Used to Be Mine,https://www.youtube.com/watch?v=A2-aUNmYNLM,She Used to Be Mine,- Waitress (Original Broadway Cast Recording)
Waitress,Original Broadway,Waitress (OBCR),100,1:02,Contraction Ballet,https://www.youtube.com/watch?v=ruhqBX5fT2w,Contraction Ballet,- Waitress (Original Broadway Cast Recording)
Waitress,Original Broadway,Waitress (OBCR),86,3:02,Everything Changes,https://www.youtube.com/watch?v=kcMad0KHGBg,Everything Changes,- Waitress (Original Broadway Cast Recording)
Waitress,Original Broadway,Waitress (OBCR),134,1:44,Opening Up (Finale),https://www.youtube.com/watch?v=j38DaAZw53g,Opening Up (Finale),- Waitress (Original Broadway Cast Recording)
Beetlejuice,Original Broadway,Beetlejuice (OBCR),85,2:43,Prologue: Invisible,https://www.youtube.com/watch?v=Q8Fkd5PcMQ0,Prologue: Invisible,Beetlejuice Musical Album
Beetlejuice,Original Broadway,Beetlejuice (OBCR),154,3:44,"The Whole ""Being Dead"" Thing",https://www.youtube.com/watch?v=4ADY7FGtwmM,"The Whole ""Being Dead"" Thing",Beetlejuice Musical Album
Beetlejuice,Original Broadway,Beetlejuice (OBCR),120,3:42,"Ready Set, Not Yet",https://www.youtube.com/watch?v=bR-1BSMrHTk,"Ready Set, Not Yet",Beetlejuice Musical Album
Beetlejuice,Original Broadway,Beetlejuice (OBCR),154,1:40,"The Whole ""Being Dead"" Thing, Pt. 2",https://www.youtube.com/watch?v=HyjgSN22mLo,"The Whole ""Being Dead"" Thing, Pt. 2",Beetlejuice Musical Album
Beetlejuice,Original Broadway,Beetlejuice (OBCR),150,3:04,Dead Mom,https://www.youtube.com/watch?v=KEct4Nod2iU,Dead Mom,Beetlejuice Musical Album
Beetlejuice,Original Broadway,Beetlejuice (OBCR),135,3:45,Fright of Their Lives,https://www.youtube.com/watch?v=e-Hh50x-j8g,Fright of Their Lives,Beetlejuice Musical Album
Beetlejuice,Original Broadway,Beetlejuice (OBCR),120,0:59,"Ready Set, Not Yet (Reprise)",https://www.youtube.com/watch?v=5kc9MeMrwz0,Ready Set (Reprise),Beetlejuice Musical Album
Beetlejuice,Original Broadway,Beetlejuice (OBCR),128,3:12,No Reason,https://www.youtube.com/watch?v=LBMZ2Y_QGa4,No Reason,Beetlejuice Musical Album
Beetlejuice,Original Broadway,Beetlejuice (OBCR),85,1:48,Invisible (Reprise) / On the Roof,https://www.youtube.com/watch?v=nuZbwU8-K6o,Invisible (Reprise) / On the Roof,Beetlejuice Musical Album
Beetlejuice,Original Broadway,Beetlejuice (OBCR),128,3:55,Say My Name,https://www.youtube.com/watch?v=nHKNP3sN_P4,Say My Name,Beetlejuice Musical Album
Beetlejuice,Original Broadway,Beetlejuice (OBCR),115,3:44,Day-O (The Banana Boat Song),https://www.youtube.com/watch?v=6c2N_YjbYGs,Day-O (The Banana Boat Song) (Act 1 Finale),Beetlejuice Musical Album
Beetlejuice,Original Broadway,Beetlejuice (OBCR),105,2:27,Girl Scout,https://www.youtube.com/watch?v=4RJ_bS1l1Gs,Girl Scout,Beetlejuice Musical Album
Beetlejuice,Original Broadway,Beetlejuice (OBCR),142,5:15,That Beautiful Sound,https://www.youtube.com/watch?v=p35N1rtBETs,That Beautiful Sound,Beetlejuice Musical Album
Beetlejuice,Original Broadway,Beetlejuice (OBCR),108,3:26,Barbara 2.0,https://www.youtube.com/watch?v=3PhbcVIMAgs,Barbara 2.0,Beetlejuice Musical Album
Beetlejuice,Original Broadway,Beetlejuice (OBCR),125,3:35,What I Know Now,https://www.youtube.com/watch?v=Eu4FfhQTWaM,What I Know Now,Beetlejuice Musical Album
Beetlejuice,Original Broadway,Beetlejuice (OBCR),75,3:48,Home,https://www.youtube.com/watch?v=6Xt3WNuB-oc,Home,Beetlejuice Musical Album
Beetlejuice,Original Broadway,Beetlejuice (OBCR),124,4:23,Creepy Old Guy,https://www.youtube.com/watch?v=JYYNL1zbOq0,Creepy Old Guy,Beetlejuice Musical Album
Beetlejuice,Original Broadway,Beetlejuice (OBCR),115,2:06,Jump in the Line,https://www.youtube.com/watch?v=BfJaJbyBQ2A,Jump in the Line / Dead Mom (Reprise),Beetlejuice Musical Album
The Lion King,Original Broadway,The Lion King (OBCR),85,4:30,Circle of Life,https://www.youtube.com/watch?v=nk_Rv_36VNU,Circle of Life with Nants' Ingonyama,- The Lion King (Original Broadway Cast Recording)
The Lion King,Original Broadway,The Lion King (OBCR),100,2:23,Grasslands Chant,https://www.youtube.com/watch?v=VXfPf1urNz0,Grasslands Chant,- The Lion King (Original Broadway Cast Recording)
The Lion King,Original Broadway,The Lion King (OBCR),110,2:32,The Morning Report,https://www.youtube.com/watch?v=J0CASZfnVS8,The Morning Report,- The Lion King (Original Broadway Cast Recording)
The Lion King,Original Broadway,The Lion King (OBCR),125,2:05,The Lioness Hunt,https://www.youtube.com/watch?v=WEp2L2L66SI,The Lioness Hunt,- The Lion King (Original Broadway Cast Recording)
The Lion King,Original Broadway,The Lion King (OBCR),110,3:03,I Just Can't Wait to Be King,https://www.youtube.com/watch?v=Ke7KN-0ne9s,I Just Can't Wait To Be King,- The Lion King (Original Broadway Cast Recording)
The Lion King,Original Broadway,The Lion King (OBCR),135,3:18,Chow Down,https://www.youtube.com/watch?v=UtRlV-KmptY,Chow Down,- The Lion King (Original Broadway Cast Recording)
The Lion King,Original Broadway,The Lion King (OBCR),94,3:02,They Live in You,https://www.youtube.com/watch?v=RGWxoN7IJVU,"They Live in You (From ""The Lion King""/Original Broadway Cast Recording)",- The Lion King (Original Broadway Cast Recording)
The Lion King,Original Broadway,The Lion King (OBCR),105,3:27,Be Prepared,https://www.youtube.com/watch?v=Cu5xp9TanEA,"Be Prepared (From ""The Lion King""/Original Broadway Cast Recording)",- The Lion King (Original Broadway Cast Recording)
The Lion King,Original Broadway,The Lion King (OBCR),140,2:39,The Stampede,https://www.youtube.com/watch?v=KZ5PVUY55JE,The Stampede,- The Lion King (Original Broadway Cast Recording)
The Lion King,Original Broadway,The Lion King (OBCR),60,2:05,Rafiki Mourns,https://www.youtube.com/watch?v=srNTsPgisBQ,Rafiki Mourns,- The Lion King (Original Broadway Cast Recording)
The Lion King,Original Broadway,The Lion King (OBCR),120,3:14,Hakuna Matata,https://www.youtube.com/watch?v=wH6DC4uOAnY,Hakuna Matata,- The Lion King (Original Broadway Cast Recording)
The Lion King,Original Broadway,The Lion King (OBCR),108,1:52,One by One,https://www.youtube.com/watch?v=7KJYkgZ60iw,One By One,- The Lion King (Original Broadway Cast Recording)
The Lion King,Original Broadway,The Lion King (OBCR),110,5:28,The Madness of King Scar,https://www.youtube.com/watch?v=PrDTF7ytycE,The Madness Of King Scar,- The Lion King (Original Broadway Cast Recording)
The Lion King,Original Broadway,The Lion King (OBCR),64,4:29,Shadowland,https://www.youtube.com/watch?v=MA7ntM67phw,Shadowland,- The Lion King (Original Broadway Cast Recording)
The Lion King,Original Broadway,The Lion King (OBCR),115,1:10,The Lion Sleeps Tonight,https://www.youtube.com/watch?v=4xeADHMEt1A,"The Lion Sleeps Tonight (From ""The Lion King""/Original Broadway Cast Recording)",- The Lion King (Original Broadway Cast Recording)
The Lion King,Original Broadway,The Lion King (OBCR),88,4:42,Endless Night,https://www.youtube.com/watch?v=HUP7oh_YOQo,Endless Night,- The Lion King (Original Broadway Cast Recording)
The Lion King,Original Broadway,The Lion King (OBCR),65,5:00,Can You Feel the Love Tonight,https://www.youtube.com/watch?v=4ivdPgbZ8zY,Can You Feel The Love Tonight,- The Lion King (Original Broadway Cast Recording)
The Lion King,Original Broadway,The Lion King (OBCR),94,4:13,He Lives in You (Reprise),https://www.youtube.com/watch?v=nGPMCKH1siQ,He Lives In You (Reprise),- The Lion King (Original Broadway Cast Recording)
The Lion King,Original Broadway,The Lion King (OBCR),120,2:26,Simba Confronts Scar,https://www.youtube.com/watch?v=mLoGc1PuM4U,Simba Confronts Scar,- The Lion King (Original Broadway Cast Recording)
The Lion King,Original Broadway,The Lion King (OBCR),85,3:23,King of Pride Rock / Circle of Life (Reprise),https://www.youtube.com/watch?v=5suCgwuDFl0,King Of Pride Rock / Circle Of Life (Reprise),- The Lion King (Original Broadway Cast Recording)